,count,key
1786,41,rapist
919,40,Teddy
417,39,introducing
1993,37,LDS
4598,35,deleted
5471,33,campaigned
3776,33,joining
4714,32,Calling
5013,32,trash
4841,30,PATRIOT
4222,28,clinic
4613,28,donated
4786,28,plastic
3759,27,aged
2321,27,Wyden
5219,27,During
871,27,barrel
874,27,gold
151,27,runner
1553,27,dogs
2863,26,clothes
321,26,raped
2296,26,Gov
1464,25,Drugs
4121,25,Glad
4471,25,Want
577,25,Church
1220,25,Roosevelt
1149,25,animal
3891,25,knock
3583,24,obsessed
4815,24,emphasis
626,24,FUCKING
1452,24,daughter
1962,23,rationale
4495,23,nut
1340,23,crack
2753,23,filibustering
3858,23,yesterday
2585,23,mods
1249,22,Huckabee
2207,22,rude
3487,22,harsh
1457,22,secure
4346,21,kicked
1701,21,huffingtonpost
933,21,convicted
3103,21,ugly
4462,21,thoroughly
5598,21,cross
1135,21,challenge
3805,21,donate
844,21,jeb
4532,20,speeches
1568,20,rewrite
2359,20,mega
4069,20,disregard
923,20,unelectable
212,20,score
2459,20,Committee
3288,19,volunteering
2388,19,exempt
340,19,DEA
4065,19,Robin
5341,19,impressed
5646,19,empire
497,19,governing
4813,19,conversion
1665,19,liberties
449,19,revealed
2224,19,committee
159,19,Ask
4321,19,pride
158,19,doors
2270,18,terribly
1868,18,son
1764,18,anonymous
4067,18,identified
1649,18,Hood
3494,18,incarceration
1388,18,candidacy
1744,18,Edit
3260,18,Presidency
73,18,organized
4952,18,lets
2878,18,deemed
3982,18,Defense
3049,18,bat
1459,17,bro
250,17,player
1575,17,convenient
2073,17,faire
2477,17,hair
922,17,coincidence
4060,17,dad
2644,17,reminds
910,17,legislature
4309,17,ontheissues
1239,17,documents
4498,16,disturbing
199,16,release
1618,16,handful
2773,16,exploiting
5429,16,stream
4743,16,constituents
4570,16,James
3984,16,imgur
1439,16,announced
1927,16,caught
2565,16,advocated
832,16,Serious
3985,16,bernie
1397,16,apathy
3540,16,released
1182,16,Say
1656,16,Shouldn
3843,16,solid
1446,16,churches
1807,16,lending
5641,16,scared
1375,15,letters
912,15,influential
2731,15,bucks
2774,15,clown
4172,15,passing
2075,15,EDIT
4963,15,Something
4620,15,fought
1826,15,dedicated
4247,15,supportive
3453,15,FOX
4057,15,blatant
3514,15,mom
299,15,pregnant
3896,15,indication
4846,15,installed
95,15,govern
1348,15,warned
2844,15,pensions
3597,15,Workers
3696,15,viewers
2570,15,advocates
3927,15,nsa
285,14,occurring
3737,14,twenty
3917,14,patient
2343,14,plausible
3191,14,January
5385,14,Department
3243,14,proposals
1258,14,Meanwhile
5020,14,wife
2501,14,arrogance
275,14,prison
3170,14,Daily
435,14,awesome
316,14,raises
3154,14,Jeb
4992,14,strict
588,14,millionaire
2357,14,missing
1339,14,arrest
2187,14,broke
2985,14,Nixon
2393,14,governor
4410,14,Holy
5478,14,edit
1404,14,Utah
5632,14,enact
639,14,dark
4190,14,volunteer
4245,14,ideals
1221,14,depressing
3074,14,Scandinavian
3061,14,reference
1122,14,standing
1138,14,Police
3637,14,shareholders
2982,14,Dodd
752,14,threatened
2332,13,famous
5210,13,excessive
5557,13,unfairly
1789,13,shares
693,13,dirty
1661,13,Institute
253,13,campaigning
5244,13,sole
3988,13,Norway
2843,13,disability
5268,13,stolen
4082,13,quo
884,13,Patriot
235,13,privilege
1230,13,gays
2619,13,punish
1133,13,balls
4367,13,excellent
1687,13,night
3958,13,prepared
1420,13,pension
351,13,roll
1755,13,battle
3834,13,meeting
334,13,later
5680,13,volume
393,13,brilliant
5014,13,immunity
2964,13,arrested
5128,13,strange
3233,13,sovereignty
1781,13,bedroom
4989,13,determine
3881,13,excited
4951,13,blog
1946,13,Call
4948,13,rose
2913,13,expose
1938,13,png
4919,13,status
666,13,favorite
5301,13,retired
705,13,abolish
5312,13,unlimited
1613,13,BUT
5327,13,apathetic
4538,13,Wasn
2737,13,Iraqis
1565,13,Sen
2766,13,historic
4656,13,alternatives
5314,13,Definitely
153,12,spectrum
3148,12,opt
1450,12,richest
4167,12,freely
744,12,resume
3780,12,carefully
3406,12,insanity
3230,12,disgusting
1490,12,offshore
4530,12,drugs
2200,12,phrase
3054,12,bag
3111,12,shame
647,12,offenders
3963,12,responded
1675,12,thanks
1160,12,volunteers
1972,12,filing
4596,12,cnn
371,12,tear
4539,12,stopping
5048,12,Carly
1436,12,Military
3238,12,Financial
1020,12,span
3624,12,threads
320,12,constantly
4567,12,technological
2190,12,suffered
2191,12,respected
4283,12,wise
1994,12,import
1484,12,recovery
2560,12,redditors
753,12,lobbyist
5154,12,threat
198,12,Senators
2165,12,iraq
1399,12,contribute
3716,12,ACLU
119,12,University
1394,12,distribution
1238,12,viewed
2227,12,taxpayer
2052,12,touch
3119,12,Eisenhower
1281,12,temporarily
207,12,John
2319,12,hyper
5222,12,THIS
560,12,congressional
94,12,senators
4405,12,bootstraps
2591,12,Representatives
685,12,Harry
2613,12,privacy
4118,12,parks
936,12,mindset
3373,12,cloture
203,12,disaster
2699,12,key
114,12,encourage
5487,12,chaos
5012,11,deserve
4437,11,relations
3022,11,Bernie
4626,11,differences
891,11,banking
2750,11,increasingly
4201,11,claimed
3167,11,track
1342,11,checking
385,11,Cruz
352,11,intend
4028,11,closing
622,11,IRS
604,11,Whenever
1454,11,Tuesday
4562,11,agency
367,11,stays
4220,11,executive
4217,11,creators
655,11,cannabis
4300,11,Act
3081,11,Given
1586,11,Election
1549,11,drones
4379,11,accusations
466,11,bipartisan
2892,11,welding
566,11,resource
465,11,decreased
1499,11,worst
2896,11,Rather
3078,11,deregulation
3952,11,Mormon
2714,11,cent
4703,11,Unions
3053,11,Washington
2716,11,slowly
2786,11,demonstrated
434,11,Federal
2777,11,page
4043,11,collection
619,11,surveillance
2861,11,sponsored
4318,11,Mitt
4105,11,loved
1546,11,organize
1652,11,Rubio
4867,11,subsequent
4821,11,donation
3232,11,finally
4696,11,proud
4984,11,stand
5323,11,understood
5593,11,MORE
5178,11,finances
3422,11,gerrymandered
5591,11,Kasich
3509,11,careers
3717,11,bully
5525,11,pipe
5677,11,Science
1245,11,hypocrite
5676,11,overtime
1780,11,htm
3283,11,Ben
1145,11,Policy
3553,11,skilled
1200,11,scary
1988,11,husband
2063,11,momentum
1775,11,convince
3327,11,stability
1921,11,drove
1028,11,elsewhere
1134,11,Regardless
1240,11,studying
5091,11,glad
5189,11,risky
288,11,remind
5611,11,lobby
1127,11,occurred
5234,11,threats
1047,11,prosecution
5698,11,Islamic
1934,11,brains
1055,11,walked
5152,11,thread
572,10,YES
1117,10,Religious
2569,10,Guard
4396,10,Here
2021,10,Dick
5212,10,Affordable
4682,10,invaded
5574,10,walk
474,10,Socialist
4855,10,violated
4366,10,phone
5350,10,repeatedly
1667,10,kept
1266,10,Whether
727,10,returned
1671,10,camps
2894,10,campaign
1676,10,victim
4158,10,interview
1222,10,Democratic
4883,10,senator
5186,10,double
3212,10,weekend
2338,10,boost
3987,10,uncomfortable
2705,10,career
248,10,played
711,10,Street
1232,10,collecting
2080,10,endorsed
4020,10,ashamed
2818,10,stories
209,10,lots
2640,10,nytimes
4746,10,worship
557,10,aggressive
536,10,aside
4026,10,island
2798,10,managing
2084,10,Mart
4486,10,shutting
2088,10,recorded
2651,10,soldiers
4733,10,speaks
3599,10,founded
124,10,enormous
2811,10,goals
2071,10,ruled
4080,10,Senator
2626,10,Anti
4423,10,rain
5451,10,sit
195,10,vaccinations
4113,10,Oil
2037,10,closest
2580,10,Two
1225,10,steel
4896,10,billionaires
3726,10,computers
90,10,keeps
5296,10,stating
645,10,dare
1636,10,families
1269,10,prohibition
3197,10,classic
5329,10,refuses
1629,10,condescending
880,10,indicator
4706,10,Sanders
3770,10,Governor
448,10,suck
4333,10,consistent
5370,10,helping
2973,10,forgot
1001,10,Frank
3244,10,accidentally
4240,10,admitted
2451,10,stem
3638,10,eye
5022,10,odds
823,10,operation
2367,10,headed
3457,10,trades
2366,10,Wal
5125,10,March
1856,10,statistical
1718,10,becoming
5006,10,politico
4898,10,direction
1297,10,drug
909,10,incident
172,10,professor
5045,10,hemp
2383,10,empty
2429,10,remaining
1196,10,shut
608,10,former
1447,10,officially
3830,10,raise
1448,10,told
904,10,nope
1300,10,npr
5688,10,Ted
5065,10,CEOs
1737,10,Donald
3470,10,capable
1185,10,Arkansas
1734,10,physical
3249,10,pregnancies
3247,10,talked
3478,10,wake
15,10,Sandy
28,10,reporter
26,10,Presidential
834,10,owners
840,10,heads
2916,10,adult
1942,10,apples
3351,10,girl
3335,10,mail
430,10,values
3142,10,candidate
429,10,believes
2136,10,pool
3942,10,directed
3037,10,debts
296,10,Literally
4299,10,April
4292,10,pie
3929,10,invading
5642,10,socialists
4559,10,incapable
4974,10,teachings
51,10,spoke
4284,10,Wall
3784,10,Poor
307,10,Think
1211,10,blows
2765,10,kick
1482,10,Hurricane
5363,10,evils
769,10,teen
2104,10,shrinking
286,10,desire
3645,9,controlling
4058,9,stances
1247,9,stronger
4542,9,Bush
652,9,racial
5443,9,spying
1377,9,included
617,9,POTUS
2145,9,Take
3635,9,legislator
1243,9,segment
5412,9,Yup
4527,9,beer
2762,9,Despite
2147,9,Brown
3350,9,rock
4569,9,gave
2122,9,moved
5401,9,State
2144,9,month
5434,9,journalists
4535,9,lesser
2797,9,previously
1305,9,Hey
4137,9,supporter
5481,9,bills
2812,9,courts
1169,9,perfect
749,9,contrast
40,9,NOW
754,9,hours
2918,9,room
1995,9,justified
5652,9,murdered
2926,9,akin
5655,9,Brothers
4279,9,insured
4183,9,cop
836,9,contender
29,9,error
4189,9,fellow
778,9,sent
4196,9,General
825,9,blacks
3425,9,reps
4249,9,Mike
4231,9,citizen
3444,9,Iowa
5683,9,Barack
817,9,Thanks
1961,9,importantly
5689,9,record
809,9,roots
811,9,ruining
3520,9,facing
5622,9,wealthy
3052,9,Over
688,9,abused
1381,9,housing
1236,9,element
2815,9,oligarchy
3589,9,hugely
4480,9,bail
2817,9,signed
4477,9,radio
2819,9,piece
5520,9,combat
3567,9,USA
4434,9,hearing
4432,9,encouraging
3080,9,contribution
2004,9,exploit
2854,9,Thomas
1398,9,recognize
1154,9,efficiently
2025,9,donating
1155,9,realized
5565,9,bought
1514,9,coffee
1930,9,national
2754,9,TIL
2880,9,met
3547,9,pockets
3068,9,consequence
1252,9,assholes
4674,9,brother
4056,9,winning
323,9,authorized
4962,9,donations
1658,9,convictions
1574,9,Christian
3789,9,idiots
494,9,Jon
2986,9,aisle
2468,9,renewal
3799,9,cynical
2279,9,identity
1063,9,existing
2582,9,front
318,9,ISIS
2364,9,Graham
3857,9,Duggar
2328,9,officials
3807,9,Kind
2596,9,entertainment
5287,9,contractors
997,9,Damn
3998,9,sink
3714,9,acting
942,9,races
229,9,asked
4764,9,ultimately
520,9,fooled
3852,9,IIRC
5033,9,opportunities
4013,9,names
1710,9,balances
4848,9,reveal
3314,9,guys
457,9,Islam
5176,9,strategy
436,9,allowed
3224,9,Louisiana
5181,9,Companies
4916,9,html
2520,9,experiment
5173,9,interviews
4911,9,ironic
3922,9,Bob
3945,9,possession
3951,9,May
451,9,natural
1333,9,presumably
459,9,feature
4853,9,ignored
3897,9,foolish
3781,9,headlines
1774,9,guy
5193,9,Germany
3757,9,nominee
5195,9,donor
2549,9,recession
3886,9,bid
4859,9,parking
1788,9,assistance
3282,9,sharing
2350,9,wow
1051,9,ago
937,9,Care
291,9,Pentagon
1071,9,young
3688,9,hurting
4633,9,Carson
5107,9,breaking
2668,9,endless
2678,9,computer
206,9,fail
4708,9,sports
4752,9,prisoners
2417,9,bonus
3692,9,socially
5336,9,hatred
1371,9,puts
2218,9,banks
1260,9,hope
1841,9,Always
4681,9,Rep
3840,9,evangelical
2727,9,Granted
3837,9,gap
3257,9,filled
3681,9,appeals
4668,9,Chris
589,9,workplace
2733,9,generic
4052,9,bunch
1307,9,admin
370,9,Rand
2749,9,restore
4734,9,irrational
4748,9,platform
529,9,turned
1862,9,window
2641,9,intentions
606,9,formed
534,9,sat
4745,9,White
1002,9,transactions
3265,9,boy
3178,9,managers
378,9,speculation
219,9,Lindsey
2385,9,sanders
5084,9,minor
170,9,episode
1859,9,Steagall
547,9,drive
3849,9,cents
550,9,liquidity
4722,9,slightest
925,9,church
3266,9,shift
4715,9,fuel
5113,9,shady
3672,9,questioning
2999,8,Hmm
3919,8,continuing
3882,8,hates
1968,8,Fuck
1012,8,ACA
1433,8,voted
3416,8,legalization
3808,8,responses
1003,8,religion
4197,8,promoted
3850,8,Cheney
3866,8,Economic
1321,8,denial
1428,8,integrity
3271,8,genuinely
1035,8,Office
1423,8,Sadly
3281,8,insider
3252,8,targets
986,8,couple
3811,8,Makes
3733,8,cfm
3512,8,grandstanding
3043,8,endorse
3565,8,emissions
878,8,occupation
3194,8,attached
4008,8,named
3574,8,film
1073,8,Kochs
1074,8,Glass
3318,8,switch
3319,8,jail
3320,8,silence
1079,8,continues
3604,8,fall
897,8,Fox
1082,8,ending
3162,8,elderly
3362,8,advance
3352,8,summary
3328,8,cuts
3823,8,Yet
3667,8,acts
3666,8,technology
3625,8,admits
4063,8,cutting
3665,8,needs
3339,8,finance
3650,8,hour
3644,8,American
4100,8,Medicaid
3563,8,Walker
1147,8,destroying
3298,8,fuck
3408,8,complaints
3936,8,Come
3526,8,Democracy
3965,8,Scott
3969,8,Assuming
3536,8,manufactured
3063,8,Christianity
1290,8,Republican
3750,8,gotten
3552,8,spreading
4130,8,absurd
3296,8,crazy
1285,8,Source
1345,8,desk
3311,8,membership
947,8,enrollment
3395,8,shocked
1060,8,code
1061,8,Jim
3389,8,marijuana
3728,8,NASA
866,8,understands
4112,8,apparently
3382,8,accurately
3380,8,eyes
3724,8,beginning
1966,8,attempting
2740,8,sarcastic
4762,8,realistic
2118,8,fraud
1899,8,unwanted
2607,8,powerful
5485,8,category
2096,8,comparison
4827,8,hungry
1659,8,advertising
485,8,Elizabeth
476,8,records
5465,8,motherjones
4878,8,reaction
5461,8,tenure
4670,8,cool
4882,8,contract
1678,8,Gay
5161,8,radical
456,8,pulled
5452,8,six
4891,8,Note
4894,8,poll
305,8,losing
5449,8,sir
4903,8,amend
5492,8,conversation
2081,8,Before
1823,8,Corporations
1902,8,card
191,8,bush
5533,8,planning
2720,8,abortions
2334,8,grew
5191,8,suspicious
2070,8,lady
4709,8,memory
5515,8,Independent
4726,8,millionaires
103,8,educating
4729,8,bigot
4731,8,vital
1907,8,honest
4744,8,mainly
1905,8,couldn
5322,8,fucking
4750,8,Using
5183,8,convinced
5500,8,unknown
523,8,favors
4755,8,evolution
5448,8,rape
2130,8,fools
1769,8,presented
5017,8,CNN
2455,8,troops
2182,8,taken
5035,8,program
5375,8,departments
5043,8,fan
376,8,settle
2198,8,pushed
1732,8,promised
2424,8,Internet
5058,8,sue
364,8,oversight
2423,8,reviewed
5108,8,occasionally
5071,8,supposedly
184,8,participate
2421,8,cruz
5354,8,patriot
337,8,proven
1743,8,brothers
350,8,smell
1847,8,remember
5121,8,isnt
5016,8,includes
2519,8,cell
2378,8,California
2510,8,telling
2495,8,depth
431,8,believed
5144,8,More
2153,8,fence
4933,8,relief
312,8,raised
154,8,dozen
155,8,affairs
211,8,stamps
422,8,virtue
5142,8,Jefferson
5332,8,Ron
5397,8,dealt
2474,8,segregation
4968,8,Since
1712,8,legislation
5387,8,issues
401,8,love
1837,8,write
5122,8,scientist
5197,8,added
216,8,extend
1790,8,Ford
31,8,reported
1487,8,nuts
745,8,fucks
4322,8,legislators
2915,8,warm
4335,8,estimates
2912,8,supporters
23,8,fossil
1990,8,elected
733,8,joined
5246,8,opposition
2881,8,possibility
4302,8,Stewart
2872,8,saved
5311,8,advocate
718,8,Obamacare
1996,8,notice
715,8,Canada
4397,8,writing
4398,8,destroyed
5242,8,initially
1943,8,investors
2038,8,McCain
750,8,hasn
762,8,murdering
702,8,watched
11,8,bringing
4212,8,Senate
1970,8,professional
1456,8,aka
5304,8,advisers
1460,8,Satan
238,8,worker
4238,8,success
4250,8,hurricane
8,8,Western
1465,8,negative
1978,8,Kansas
1985,8,Fiorina
1979,8,proportion
2966,8,went
4267,8,billions
4268,8,Iraqi
775,8,couples
4269,8,guard
2960,8,rhetoric
1984,8,Fucking
2272,8,expecting
1476,8,era
4414,8,banning
4411,8,god
5636,8,press
5599,8,member
5577,8,respect
2013,8,developing
5560,8,Britain
263,8,nuanced
5205,8,traditional
653,8,thinks
2793,8,offset
4525,8,quickly
5548,8,brain
4555,8,McConnell
1569,8,manner
2756,8,Sunday
4573,8,judge
4574,8,advanced
612,8,newspaper
4582,8,officer
82,8,hot
5546,8,THE
1583,8,neighborhoods
4649,8,faster
586,8,concentrated
5633,8,identical
2317,8,usual
5616,8,States
5236,8,unions
48,8,brought
2846,8,teaching
221,8,carbon
2845,8,investigation
4424,8,wanted
692,8,House
1525,8,slavery
1526,8,grows
686,8,Small
683,8,societal
1537,8,veto
5097,8,embarrassing
2841,8,whose
59,8,successful
5604,8,slave
4458,8,ran
669,8,act
3324,7,shoes
2232,7,fines
2238,7,desperately
3325,7,pointed
3323,7,Mississippi
1271,7,exchanges
2225,7,committed
2233,7,fool
2247,7,democrat
1278,7,taxed
1444,7,deliberate
2205,7,reject
3379,7,meme
2059,7,improvement
2050,7,valuable
2049,7,Service
2043,7,charges
2031,7,NSA
2028,7,worry
2010,7,dictator
2009,7,cared
2003,7,Sachs
1939,7,professionals
2001,7,Give
1999,7,hurts
1948,7,publicity
1991,7,actively
3440,7,relative
1202,7,Jesus
1956,7,begin
1971,7,typically
3452,7,FOR
2066,7,gonna
1233,7,accusing
1846,7,nomination
1904,7,cycles
3331,7,thank
1849,7,Shit
2189,7,producing
2173,7,family
3343,7,She
3347,7,Mormons
2170,7,soldier
2168,7,conviction
2162,7,answers
2160,7,multinational
2157,7,investing
2155,7,Korea
2141,7,overseas
2135,7,coverage
3361,7,org
2123,7,sales
2116,7,proposal
1891,7,irony
2089,7,conservative
1824,7,trans
1729,7,abstract
1822,7,labeled
3118,7,President
2813,7,highest
1541,7,created
1380,7,mere
3121,7,governors
1545,7,Depression
3123,7,opportunity
2776,7,lose
1373,7,executives
2742,7,destruction
1588,7,voting
3128,7,failing
3146,7,News
2732,7,capture
2726,7,resident
1363,7,pressure
2711,7,addition
2685,7,nightmare
2666,7,years
1612,7,away
3169,7,burn
2642,7,connected
3179,7,lied
2630,7,Richard
1624,7,WWII
2629,7,enforced
1626,7,con
1628,7,tone
2814,7,eat
2832,7,friends
2616,7,attack
2835,7,blogs
1455,7,smoke
3002,7,somewhat
1434,7,worth
2970,7,About
2968,7,luck
1431,7,voter
1430,7,votes
3024,7,medical
2945,7,maintain
1479,7,initial
2938,7,president
2919,7,rights
1412,7,chance
2902,7,moral
1501,7,order
1503,7,office
3072,7,ignorance
2870,7,Arizona
1400,7,FEMA
2865,7,Christie
2859,7,unrelated
2848,7,sway
1521,7,bank
1396,7,CIA
3086,7,three
3092,7,entered
3099,7,unpopular
1632,7,petty
1645,7,ain
2257,7,asp
2439,7,creation
2432,7,game
1736,7,stake
3255,7,suspect
2420,7,older
2407,7,hyperbole
2400,7,voters
2392,7,socialist
1751,7,switched
1753,7,Republic
2379,7,maintenance
2373,7,War
3272,7,elect
2361,7,minorities
3274,7,When
1776,7,George
1777,7,Sander
1779,7,legalized
1782,7,affiliation
2335,7,Medicare
2333,7,feels
2326,7,circle
2307,7,hired
3306,7,pure
2303,7,towards
2291,7,God
2288,7,toward
2267,7,launch
1449,7,simultaneously
2452,7,step
2581,7,hands
1720,7,dead
2578,7,masses
2572,7,healthcare
3202,7,shit
2541,7,stage
2538,7,camera
3208,7,felt
1336,7,web
2526,7,Back
2522,7,stance
3217,7,daily
2521,7,America
1686,7,securities
3219,7,profits
3229,7,father
2493,7,required
1325,7,drink
2490,7,drag
2483,7,amounts
2480,7,ordered
2476,7,info
2475,7,sick
3231,7,answered
2470,7,Koch
1714,7,fight
2462,7,seeing
3235,7,billionaire
1717,7,lowest
3455,7,Each
0,7,four
4629,7,hear
4692,7,thirty
525,7,Businesses
531,7,sad
533,7,saw
4739,7,Romney
543,7,knew
545,7,pages
552,7,Blue
4713,7,These
556,7,bright
569,7,bombs
4694,7,earned
4678,7,says
853,7,critically
4677,7,pork
4676,7,quick
4635,7,check
596,7,caring
4611,7,civil
4599,7,circlejerk
4587,7,election
4571,7,breaks
4565,7,Lots
4561,7,Sarah
633,7,Conservative
4759,7,equality
4770,7,Security
4772,7,turn
4778,7,Start
426,7,originally
428,7,abortion
4922,7,drives
441,7,divided
4906,7,cast
447,7,date
462,7,tendency
463,7,amazing
469,7,petition
475,7,nation
4843,7,mormon
483,7,disasters
4838,7,crime
4833,7,Research
4828,7,senior
491,7,internet
4826,7,adopt
4823,7,GOP
4822,7,Wisconsin
4816,7,primaries
502,7,training
4802,7,Love
4783,7,district
4537,7,teachers
4519,7,hypocrites
4488,7,report
4264,7,introduced
784,7,impacts
4237,7,insert
4232,7,match
4227,7,ads
802,7,media
806,7,paper
4209,7,fucked
810,7,rapidly
812,7,entire
4206,7,injured
814,7,Michael
818,7,found
819,7,shocking
820,7,week
4199,7,almost
4198,7,frustrating
4191,7,homes
835,7,major
4184,7,overwhelmingly
839,7,guess
4169,7,equal
847,7,relationship
4161,7,progress
4257,7,expire
779,7,learn
664,7,package
4271,7,female
4481,7,Bin
671,7,fundraising
4454,7,classes
4447,7,serve
4438,7,Congress
681,7,bubble
4426,7,days
4417,7,gop
4416,7,gov
700,7,stealing
722,7,hunting
4364,7,assessment
4363,7,asset
4362,7,asses
732,7,misinformation
4336,7,direct
740,7,pass
4325,7,every
4303,7,starting
4291,7,Laden
4285,7,wish
4277,7,brand
4274,7,washingtonpost
4938,7,justify
4939,7,United
4947,7,hint
96,7,His
5512,7,patients
5507,7,institution
108,7,financial
5495,7,proposing
117,7,Super
120,7,Work
5479,7,Pro
5468,7,covered
130,7,olds
5463,7,looks
5454,7,instead
5447,7,Party
5438,7,women
5424,7,duck
5423,7,Robert
156,7,responsible
157,7,causing
5400,7,smaller
5396,7,polling
164,7,screwing
166,7,mouth
167,7,letter
5381,7,resistance
5517,7,After
5536,7,fear
179,7,bomb
5539,7,candidates
5710,7,intentionally
13,7,Paul
16,7,tired
5664,7,swear
5661,7,abstinence
5660,7,universe
5658,7,extension
5656,7,rare
32,7,cult
5651,7,leader
5649,7,lead
43,7,divide
5637,7,racists
50,7,opponents
5621,7,percent
5615,7,fighting
55,7,strike
5583,7,ensuring
5569,7,job
5555,7,FDR
5554,7,requirement
5543,7,watching
5540,7,local
5377,7,narrative
5362,7,independents
4949,7,seems
295,7,crowd
298,7,bottom
5169,7,passes
5155,7,divorce
5150,7,thrown
5137,7,bigger
5127,7,resort
5126,7,pray
327,7,offer
329,7,County
5117,7,mission
5090,7,known
5088,7,flag
348,7,republic
362,7,Brownback
368,7,exact
5044,7,awful
5029,7,systemic
5028,7,earners
5011,7,idiot
5000,7,longer
4995,7,fish
404,7,logically
4956,7,Many
5170,7,story
5172,7,leading
5356,7,fiscally
284,7,massively
5355,7,called
5353,7,raising
5345,7,Every
5342,7,entitlement
210,7,wikipedia
5324,7,candy
5293,7,anybody
230,7,irresponsible
233,7,union
5275,7,City
5269,7,conception
5245,7,succeed
5240,7,recently
5227,7,wrote
257,7,babies
5216,7,gains
5211,7,costing
5206,7,institutions
5204,7,stands
269,7,financially
277,7,hat
281,7,possibly
283,7,unique
4159,7,reform
3887,7,judgement
3812,7,pissed
1153,7,ties
3855,7,day
926,7,safer
896,7,carrying
3535,7,seconds
1000,7,Mostly
4070,7,experienced
4033,7,democracy
3848,7,century
3844,7,bill
892,7,Hell
4072,7,apologize
3747,7,doctors
3525,7,voluntarily
889,7,progressive
3841,7,politician
3515,7,secrecy
4073,7,sexual
3623,7,disastrous
3627,7,bible
898,7,sex
995,7,senate
3510,7,Personally
4066,7,ideologically
4044,7,bothered
3707,7,hard
3586,7,assets
3703,7,everyone
1072,7,send
1128,7,federally
3935,7,forward
3712,7,funding
4049,7,looking
1140,7,process
3948,7,single
3722,7,backed
4053,7,industries
4036,7,regions
3687,7,late
3885,7,big
3873,7,openly
3959,7,utterly
3683,7,existence
3835,7,gay
3622,7,movement
4117,7,mid
4002,7,talent
3817,7,powers
3990,7,giving
3980,7,shock
3653,7,remain
1177,7,presidential
1031,7,link
3832,7,secret
3496,7,totally
3768,7,VERY
3976,7,putting
3463,7,maintained
1036,7,Texans
3497,7,drain
1179,7,Sam
881,7,writer
3815,7,restaurant
4031,7,effectively
4079,7,clarify
941,7,fund
4000,7,Hussein
3833,7,dropping
3668,7,Don
3995,7,justification
3493,7,oil
2280,6,scheme
3693,6,primary
2282,6,selling
2281,6,shifted
5263,6,reduction
5185,6,kind
5262,6,appears
5194,6,finding
3657,6,Hitler
3698,6,easily
3709,6,engaging
5192,6,entirety
3337,6,texas
5199,6,mentality
3685,6,Texas
2313,6,clear
3332,6,interesting
3660,6,share
3710,6,extended
2300,6,labour
2299,6,officers
2298,6,ratings
2322,6,justice
5215,6,hit
2297,6,vulnerable
2327,6,policing
5247,6,African
5252,6,became
5256,6,sweet
3674,6,coming
3678,6,playing
5260,6,political
3684,6,suffer
2283,6,passed
2339,6,Marijuana
3729,6,trickle
3711,6,insurance
2444,6,AMA
5077,6,sticking
5073,6,tragedy
5063,6,version
3297,6,lobbying
5062,6,brief
5060,6,sun
3748,6,Problem
5057,6,functioning
5054,6,ted
3752,6,youth
5039,6,woman
2436,6,Fine
5037,6,Christians
2448,6,run
3317,6,maybe
2450,6,Bill
5032,6,apartment
3292,6,Pacific
5021,6,invest
5019,6,calls
3778,6,particularly
3782,6,fine
2460,6,congressman
4996,6,Remember
3795,6,frankly
4971,6,table
4966,6,subsidize
3804,6,burned
5078,6,suddenly
2414,6,used
5082,6,shits
5083,6,markets
5162,6,Oklahoma
5159,6,upper
2345,6,protecting
3316,6,man
2351,6,won
2353,6,conditions
5146,6,health
5133,6,somebody
3313,6,destructive
5124,6,Marco
5123,6,style
2369,6,whatever
5273,6,behavior
3310,6,max
5118,6,Same
3734,6,done
5100,6,protects
5095,6,evangelicals
5092,6,debates
3738,6,least
5089,6,basically
2389,6,else
3299,6,agent
5087,6,knows
2397,6,loop
2405,6,ready
5086,6,flaw
2269,6,terrible
3064,6,opposite
2261,6,According
2109,6,removing
3421,6,black
3420,6,behind
5552,6,view
5551,6,generations
5545,6,words
3414,6,show
2040,6,tradition
3413,6,shot
2048,6,charged
5538,6,Reddit
5529,6,chances
5526,6,Earth
3402,6,investigations
2067,6,early
5519,6,asshole
3527,6,images
3530,6,confirm
5511,6,limiting
5503,6,misunderstood
5501,6,priority
5499,6,intention
5496,6,straight
3555,6,lifers
5488,6,supports
3557,6,pharmaceutical
3560,6,Obama
2093,6,tuition
5483,6,Next
2098,6,ideology
5571,6,safely
2015,6,Reagan
5575,6,Finally
3443,6,wonder
3462,6,cancer
5701,6,normal
5691,6,ruling
5686,6,whether
5684,6,made
1975,6,ground
3466,6,considering
5671,6,registration
5665,6,Americans
3451,6,infrastructure
3450,6,affordable
3482,6,middle
3488,6,doctor
5650,6,lean
5576,6,THEY
3435,6,worrying
5647,6,employment
1997,6,Johnson
5643,6,platforms
3432,6,morning
3427,6,nearly
2002,6,comes
3424,6,contracts
3423,6,awareness
5609,6,beast
2006,6,proved
5607,6,diploma
5581,6,sufficient
3561,6,Limbaugh
5475,6,republican
2259,6,favored
2111,6,start
5367,6,nice
3619,6,stood
5366,6,income
3621,6,public
2199,6,CAN
5352,6,Austin
5351,6,filed
2206,6,tried
5348,6,files
2208,6,idiocy
5347,6,Section
2215,6,overnight
3643,6,Kennedy
2220,6,help
3349,6,Simply
5338,6,plan
3647,6,town
5318,6,bribery
2236,6,demographics
2237,6,foot
5313,6,Air
5305,6,workers
2250,6,since
3344,6,killed
2256,6,None
3655,6,dem
5283,6,Vermont
3342,6,lunch
3341,6,sooner
2188,6,factories
5369,6,problems
3618,6,lawyer
2146,6,religious
2113,6,lot
3580,6,field
3378,6,speaking
2119,6,default
3375,6,little
2127,6,premiums
3585,6,important
2132,6,poor
2133,6,Great
5444,6,tax
5426,6,use
3593,6,colleges
3371,6,long
5421,6,heart
5379,6,Based
2148,6,referring
2151,6,decide
5413,6,pushing
5402,6,Maryland
3598,6,dollar
3368,6,first
5399,6,noted
3611,6,economically
3612,6,exemptions
3367,6,frequent
3615,6,zero
5383,6,gang
3616,6,titles
5333,6,Jade
3820,6,alot
4943,6,kill
2795,6,recognized
4412,6,laid
4409,6,Anyone
4395,6,expectations
4384,6,Essentially
2871,6,prisons
4376,6,end
3137,6,identify
2879,6,men
3134,6,sentence
3133,6,facto
2883,6,Ohio
2889,6,Qaeda
4352,6,forum
2893,6,fantastic
4351,6,voice
4342,6,hide
4339,6,street
2898,6,objectively
4337,6,nail
2905,6,army
2907,6,call
2910,6,type
3126,6,programs
4328,6,school
4055,6,negotiated
3125,6,kid
4316,6,feeding
4314,6,hate
4307,6,limited
4413,6,sane
4415,6,got
4048,6,Tennessee
3166,6,Quite
4518,6,faces
2803,6,noticed
2805,6,damn
4516,6,players
2807,6,FEC
2808,6,blaming
4510,6,news
4504,6,confusion
2809,6,subjective
4496,6,bed
4490,6,idiotic
4489,6,countries
4485,6,watch
4035,6,holds
4041,6,incompetence
4474,6,Its
3161,6,Hilary
2824,6,functions
2826,6,Never
4448,6,took
2834,6,atheist
3159,6,Health
3151,6,destroy
4429,6,rand
4428,6,onto
4038,6,stock
4419,6,perception
4418,6,Cuban
3124,6,thoughts
4287,6,minutes
2932,6,globalization
4185,6,climate
4102,6,explanation
4104,6,environmental
3003,6,begins
4107,6,loves
3011,6,mind
4110,6,unlikely
4116,6,Goldman
3013,6,seen
4194,6,appearance
3016,6,seek
4186,6,bulk
3019,6,regular
3021,6,Alabama
4122,6,unless
4205,6,administration
4129,6,capita
3027,6,points
3031,6,subreddit
4136,6,portfolio
4182,6,Center
3040,6,folks
4142,6,controls
4165,6,empathy
3070,6,lazy
4164,6,legit
4147,6,beat
4160,6,pattern
3056,6,ban
3000,6,girls
2994,6,features
4281,6,Dem
3108,6,seven
2942,6,third
2943,6,Civil
4273,6,November
2953,6,weeks
2954,6,overcome
2955,6,donors
4071,6,From
2963,6,Agreed
4259,6,worthy
2969,6,Wow
4256,6,host
3114,6,grown
2972,6,trading
4229,6,add
4090,6,strategic
2977,6,dime
4228,6,demographic
3104,6,near
4218,6,latest
4216,6,position
2981,6,turning
4077,6,math
4214,6,thought
4211,6,center
4083,6,backwards
4207,6,practice
4087,6,retail
4089,6,Administration
4523,6,trust
2794,6,freedom
4940,6,unconstitutional
4524,6,Southern
2554,6,control
4857,6,college
4856,6,connections
3250,6,Heritage
2566,6,While
4837,6,written
3245,6,item
2571,6,agenda
2574,6,software
2577,6,mentioned
3861,6,purpose
3863,6,realm
4819,6,Didn
3876,6,cut
4809,6,pro
4803,6,Colorado
4798,6,cops
4795,6,season
2597,6,CEO
2601,6,conservatives
2605,6,times
2606,6,designed
3903,6,back
2611,6,quality
3916,6,crony
4776,6,ammo
4774,6,swing
2618,6,final
3921,6,David
2551,6,Vote
4874,6,Repubs
2546,6,confused
2516,6,picked
2479,6,similar
3270,6,conveniently
2485,6,politicians
4936,6,reward
2489,6,regulations
3268,6,exploitation
2494,6,youtube
4930,6,gerrymandering
4927,6,changing
2503,6,Now
2506,6,Young
4923,6,weed
2511,6,positions
3819,6,foreign
2544,6,started
3065,6,decided
4912,6,author
4910,6,Politicians
3826,6,simple
4888,6,pot
2528,6,products
2531,6,win
2536,6,remains
2537,6,predict
4886,6,afterwards
3259,6,transportation
4880,6,region
4877,6,come
3930,6,neutrality
2620,6,exactly
4768,6,theory
4017,6,Basically
4667,6,advantage
4665,6,promoting
4659,6,Today
4646,6,picture
2738,6,party
2739,6,effect
3200,6,sale
4632,6,ruined
2744,6,transaction
3454,6,killing
4621,6,questionable
2752,6,Ultimately
4576,6,brutality
2758,6,skill
3201,6,awhile
4025,6,obvious
4563,6,proposed
4027,6,industrial
4560,6,mother
4554,6,Gates
4548,6,several
2768,6,immediately
2772,6,lost
4543,6,experts
3176,6,commit
3174,6,commie
4533,6,catch
4531,6,republicans
4671,6,impressive
4679,6,porn
4763,6,intended
2659,6,inherited
4760,6,name
3223,6,skin
4753,6,happened
3220,6,managed
4747,6,blocked
2639,6,fuels
3214,6,billion
4738,6,branches
2643,6,consequences
4735,6,information
2650,6,anyway
3956,6,Man
3213,6,died
3961,6,vehicles
2717,6,treat
2667,6,procedures
3966,6,Asian
2671,6,hiring
4710,6,today
2679,6,theocracy
4705,6,crisis
2695,6,comparable
2696,6,attention
4700,6,Justice
4698,6,morals
3205,6,generally
2712,6,discrimination
3972,6,Business
3461,6,among
5712,6,representative
734,6,large
712,6,mass
737,6,small
1704,6,months
1708,6,profession
1709,6,bound
726,6,paying
725,6,norm
723,6,laughing
719,6,welfare
1716,6,war
1721,6,true
709,6,congress
1699,6,marketing
706,6,Palin
701,6,How
697,6,gone
689,6,pull
682,6,complete
680,6,punished
678,6,hes
676,6,parties
1733,6,archive
1735,6,dying
1702,6,graduated
764,6,followed
1634,6,Hillary
850,6,focusing
921,6,community
913,6,barely
908,6,Florida
906,6,knowing
893,6,insane
890,6,cry
888,6,enemy
876,6,session
870,6,tpp
852,6,obama
849,6,crop
765,6,marriages
815,6,always
1680,6,board
1681,6,marginal
805,6,attitude
798,6,ethics
790,6,sense
1688,6,security
783,6,scam
780,6,male
1693,6,Let
674,6,image
668,6,neighbor
660,6,leadership
400,6,concealed
1809,6,rarely
493,6,Article
489,6,protections
488,6,seriously
487,6,Welcome
479,6,didn
1820,6,car
416,6,loving
413,6,wondering
408,6,working
395,6,funded
659,6,power
391,6,alone
387,6,True
382,6,sign
380,6,prevent
369,6,minute
1850,6,typical
347,6,flood
1853,6,indeed
1857,6,whats
1858,6,cold
503,6,dunno
1803,6,trial
1800,6,sending
510,6,vote
634,6,overthrow
630,6,summer
621,6,underestimate
609,6,polls
603,6,wants
1761,6,brown
595,6,boat
594,6,anti
591,6,handouts
582,6,Bible
581,6,affecting
571,6,worries
1784,6,Rick
1785,6,Rich
546,6,average
538,6,take
532,6,buried
524,6,future
519,6,ridiculous
1798,6,teacher
1799,6,change
930,6,monthly
953,6,pound
319,6,support
1528,6,crimes
1506,6,mayor
1277,6,stuff
1275,6,taxes
1257,6,decade
1250,6,fact
1518,6,break
1218,6,interests
1217,6,Iraq
1216,6,system
1214,6,Iran
1210,6,owner
1296,6,deficits
1197,6,greedy
1195,6,Trying
1190,6,fundamentally
1183,6,truth
1539,6,campaigns
1540,6,Ugh
1542,6,National
1175,6,genuine
1174,6,Social
1547,6,Going
1505,6,nets
1302,6,Christ
962,6,comprehensive
1477,6,transparency
1419,6,compete
1416,6,exposure
1413,6,Congressman
1410,6,dismantle
1462,6,total
1467,6,abusing
1386,6,construction
1472,6,word
1384,6,fiscal
1372,6,documentary
1362,6,schedule
1502,6,greed
1356,6,literally
1481,6,cited
1346,6,Law
1344,6,five
1329,6,expand
1327,6,nationally
1326,6,upon
1322,6,digging
1318,6,site
1309,6,genetic
1548,6,another
1168,6,warren
1163,6,Ayn
996,6,spring
1050,6,sides
1049,6,suppression
1602,6,runs
1603,6,covering
1045,6,definitely
1032,6,line
1022,6,Army
1021,6,spending
1006,6,Look
998,6,sight
993,6,privately
1552,6,farming
992,6,continue
985,6,demands
984,6,emergency
983,6,victims
981,6,surprised
1619,6,negatively
1621,6,received
971,6,Karl
970,6,redistribution
966,6,recent
1053,6,age
1596,6,Republicans
1068,6,seemed
1076,6,dislike
1555,6,filibuster
1556,6,happily
1158,6,One
1152,6,fits
1558,6,bailout
1148,6,delay
1143,6,pieces
1563,6,guilt
1570,6,Instead
1123,6,confidence
1118,6,involves
1572,6,forced
1112,6,involved
1577,6,FYI
1108,6,invented
1105,6,let
1102,6,led
1099,6,consistently
1582,6,grave
1093,6,video
1086,6,marry
324,6,goddamn
1437,6,tickets
85,6,types
182,6,advisors
36,6,reports
34,6,kids
30,6,brainwashed
1936,6,short
133,6,lawsuits
134,6,needed
1897,6,inevitably
62,6,glass
1878,6,fired
147,6,nations
176,6,scream
47,6,replace
218,6,felony
143,6,showed
220,6,extent
101,6,easier
224,6,accident
17,6,budget
208,6,best
187,6,Congressional
1919,6,impossible
1896,6,shows
282,6,birth
1894,6,receiving
201,6,respond
53,6,therefore
1871,6,enacted
56,6,paperwork
109,6,series
292,6,Warren
1951,6,equipment
1876,6,last
194,6,pocket
193,6,rich
294,6,old
262,6,tune
128,6,wasn
107,6,represents
205,6,result
146,6,tree
111,6,ring
86,6,effective
240,6,child
92,6,wing
1883,6,year
1931,6,friend
149,6,feeling
78,6,complaining
1963,6,america
2,6,hanging
1908,6,promotion
84,6,modest
244,6,presidency
89,6,Another
1864,6,Wait
91,5,democratic
3721,5,members
3588,5,Yeah
3592,5,represent
5518,5,funds
1067,5,centers
1129,5,baby
3708,5,idea
1078,5,torture
3705,5,house
3702,5,harm
3595,5,forget
3575,5,fill
3578,5,personnel
3577,5,amendments
3570,5,general
3746,5,favorable
3745,5,part
3744,5,park
3739,5,paint
3735,5,wages
3732,5,pop
3731,5,instances
3572,5,file
3727,5,conducted
3725,5,benefits
1142,5,purposes
1065,5,legal
3697,5,Amendment
3576,5,selfish
1126,5,doubt
3600,5,talks
3695,5,complain
99,5,fix
3669,5,advice
1114,5,defeat
105,5,schools
3663,5,purchased
3662,5,numbers
5521,5,harmful
104,5,effects
3629,5,mentions
3691,5,males
3648,5,willfully
1104,5,Freedom
5516,5,afraid
3641,5,governance
3636,5,Europe
3640,5,two
100,5,hidden
5505,5,Probably
5522,5,class
3675,5,response
3677,5,responsibility
1109,5,great
3601,5,children
3690,5,seeking
1125,5,next
3689,5,someone
106,5,silver
3605,5,difference
3607,5,mothers
1088,5,try
1124,5,illegal
97,5,fit
3682,5,Income
1119,5,thats
1091,5,Seattle
3680,5,rifles
1097,5,index
3766,5,Walmart
1052,5,land
963,5,levels
3953,5,fracking
3949,5,cure
967,5,makes
3944,5,planes
968,5,person
3939,5,boys
3937,5,opponent
969,5,regulating
5417,5,larger
3934,5,bankruptcy
3932,5,lesson
5420,5,Muslim
973,5,stunt
3926,5,pollution
3923,5,goods
976,5,parents
978,5,crying
3914,5,invade
3910,5,decision
3907,5,scale
3902,5,Malley
3954,5,excuses
5411,5,degree
3749,5,believe
955,5,backing
917,5,whole
4039,5,profile
4029,5,didnt
929,5,devil
5407,5,find
4024,5,Unfortunately
934,5,suburbs
4019,5,train
4018,5,trail
938,5,firm
4011,5,private
939,5,champion
4007,5,honor
940,5,fire
3994,5,body
5408,5,waiting
952,5,Cold
3981,5,populist
5409,5,capital
3979,5,False
3973,5,helps
3901,5,absolutely
3898,5,google
3894,5,follows
3892,5,cognitive
5467,5,choose
1024,5,specifically
1025,5,atheists
1027,5,rhetorical
3806,5,King
3798,5,common
3785,5,giant
1040,5,influence
3779,5,businesses
5474,5,Can
3767,5,build
1144,5,high
3763,5,Virginia
5480,5,conservatism
121,5,Abortion
3760,5,orders
3758,5,ages
3753,5,contrary
116,5,millions
3751,5,youtu
5493,5,hence
131,5,service
3821,5,Yep
3827,5,simply
3865,5,spent
3890,5,bit
5432,5,sort
5433,5,clever
141,5,wisdom
988,5,suffering
3879,5,deliberately
3877,5,hated
3872,5,shape
3867,5,withdraw
5441,5,anywhere
3828,5,throughout
5446,5,something
138,5,bitter
3847,5,fun
3845,5,elections
1007,5,agreement
3839,5,prices
3836,5,gas
1016,5,HFT
1017,5,servers
5534,5,democrats
5131,5,alter
3562,5,strikes
25,5,increasing
5659,5,getting
3192,5,failure
1349,5,become
3189,5,offering
3187,5,fraction
3185,5,Unless
1350,5,replacement
3173,5,super
3172,5,McDonalds
21,5,fingers
3171,5,Sweden
5666,5,Really
1357,5,avoid
3164,5,tracked
3160,5,deal
3157,5,unnecessary
1361,5,blowing
3153,5,dreams
5670,5,promise
3143,5,character
18,5,second
3199,5,covers
1343,5,increases
41,5,criticism
1338,5,realize
3263,5,wait
3262,5,Times
3261,5,Stalin
1306,5,labor
5644,5,growth
3256,5,international
1310,5,willing
1311,5,rates
3251,5,eating
3248,5,dealing
1314,5,hateful
1315,5,Presidents
1316,5,rigged
3240,5,governments
38,5,NOT
1319,5,optimistic
5648,5,focused
1323,5,terrorism
1328,5,php
1331,5,less
1334,5,paul
3141,5,yet
1367,5,hiding
1368,5,gained
1369,5,sister
3067,5,said
1408,5,repeat
5699,5,book
1411,5,outlets
1414,5,repeal
3,5,Until
3048,5,comply
3044,5,stop
3038,5,Free
3035,5,judges
3033,5,attempts
1421,5,rural
3025,5,dog
1424,5,saves
1429,5,relationships
3015,5,sounding
1432,5,Watch
3012,5,mine
3010,5,modern
3009,5,sees
3004,5,distance
5696,5,incredible
3069,5,sorts
1405,5,lately
3107,5,study
3129,5,materials
3122,5,Usually
1379,5,charities
3116,5,potentially
5681,5,Boehner
3112,5,cant
5682,5,automated
1385,5,Well
5,5,eligible
3106,5,balance
1401,5,compared
1389,5,count
3102,5,economies
3101,5,tank
3098,5,personally
3095,5,Georgia
3093,5,threw
1391,5,official
3087,5,tiny
5692,5,cake
1303,5,Her
1298,5,etc
1150,5,establishment
5561,5,favor
3495,5,running
3492,5,struggling
3489,5,pay
1181,5,Sad
3483,5,sudden
5573,5,wall
3479,5,sound
3476,5,dangerous
3465,5,imo
68,5,pursue
3458,5,according
1191,5,populace
1193,5,nowadays
67,5,locked
5592,5,wild
3449,5,across
3446,5,label
3439,5,seat
3437,5,declared
3434,5,Education
3433,5,stupid
5566,5,ability
5556,5,merits
42,5,golden
3499,5,roughly
88,5,Hastert
3559,5,Plenty
3556,5,strip
87,5,wins
3551,5,whites
1159,5,allow
3537,5,broken
5541,5,prosecute
4046,5,lines
3533,5,moderate
3532,5,critical
5547,5,homosexuals
3528,5,New
1165,5,vaccinated
3524,5,served
81,5,machine
1173,5,earn
3502,5,solve
3500,5,mortgages
5549,5,married
5553,5,available
3429,5,Right
1206,5,blown
1209,5,alleged
5595,5,non
3334,5,policy
3330,5,group
1265,5,means
1270,5,Keep
1272,5,Once
3321,5,talk
5619,5,looked
3309,5,may
3305,5,till
3294,5,making
3291,5,soul
1292,5,ends
3287,5,fly
3286,5,effort
46,5,Three
3284,5,acceptable
3280,5,scenarios
3279,5,dude
3277,5,wealth
3275,5,everybody
5634,5,branch
1262,5,move
3340,5,views
1254,5,Under
3376,5,anyone
1212,5,legislative
5600,5,largest
3412,5,rating
3410,5,surprising
3409,5,especially
5601,5,gets
60,5,benefiting
1219,5,enforcement
1226,5,warfare
1231,5,ITT
1253,5,bring
3374,5,sounds
3372,5,carry
3366,5,thing
1244,5,Reserve
3359,5,Rights
3353,5,living
57,5,holy
1246,5,liked
1248,5,face
916,5,pdf
895,5,For
4050,5,despite
4789,5,convention
4785,5,trillion
5188,5,risks
4784,5,stuck
4781,5,given
268,5,THAT
511,5,open
4773,5,place
265,5,corporate
513,5,bite
4769,5,FTFY
4767,5,factory
516,5,structures
4757,5,TPP
4754,5,conversations
5217,5,whistle
526,5,damned
258,5,fairly
5230,5,intelligence
4741,5,representation
539,5,Half
5231,5,defense
4788,5,lobbyists
4792,5,white
4724,5,figure
4793,5,gives
482,5,entering
486,5,Michigan
5175,5,collar
4836,5,Saddam
5177,5,storm
490,5,Joe
4824,5,considered
495,5,million
290,5,Further
496,5,incentives
498,5,quite
4818,5,multiple
500,5,Either
4814,5,ideas
501,5,besides
5180,5,option
4807,5,outcome
4806,5,cards
4805,5,legacy
4800,5,population
506,5,saving
4727,5,dropped
551,5,laws
4862,5,fails
4651,5,serious
5239,5,corruption
4640,5,whereas
4634,5,annoying
251,5,LOT
4628,5,heat
4622,5,head
599,5,vacation
5258,5,decline
4618,5,vaccination
602,5,combined
4609,5,Best
4605,5,misleading
4601,5,census
4600,5,discount
242,5,spin
4597,5,core
4595,5,everything
4591,5,Life
5261,5,due
4581,5,offices
4577,5,gift
4650,5,bullet
4657,5,focus
4721,5,districts
587,5,many
4716,5,Time
5233,5,practices
255,5,things
554,5,surplus
4711,5,October
4697,5,weird
4695,5,guilty
4689,5,water
4687,5,goes
4686,5,debate
574,5,anyways
578,5,jumped
580,5,vaccines
4672,5,level
254,5,trusted
5237,5,various
583,5,jobs
584,5,screen
4664,5,charge
4663,5,environment
4660,5,row
4850,5,predicted
4870,5,weapons
4051,5,meter
5149,5,generate
5075,5,allows
5072,5,shouldn
5070,5,christian
5069,5,Rush
5066,5,Conservatives
361,5,bribes
365,5,jerk
309,5,dollars
5055,5,rate
5049,5,list
5046,5,treating
374,5,leave
377,5,team
5041,5,far
5040,5,worse
5036,5,lawmakers
381,5,findings
5151,5,Reid
5030,5,follow
5027,5,lack
308,5,First
356,5,push
355,5,rolling
392,5,along
354,5,invested
317,5,reducing
315,5,beings
5134,5,sucking
325,5,resulted
330,5,panels
5120,5,outraged
5138,5,inequality
5119,5,disabled
331,5,dues
5112,5,Everyone
335,5,liberal
5141,5,generation
5106,5,rather
5105,5,goal
313,5,statements
5104,5,court
338,5,proves
341,5,accounting
345,5,floor
310,5,citizens
349,5,brings
5153,5,People
5015,5,separate
4875,5,LGBT
4945,5,announcement
4942,5,violent
423,5,easiest
4937,5,bodies
425,5,anything
4932,5,without
432,5,Our
4928,5,Capitalism
5168,5,fees
437,5,offense
4918,5,events
442,5,Who
4905,5,cash
446,5,spot
4902,5,case
453,5,regressive
4889,5,period
458,5,unacceptable
461,5,course
4881,5,quiet
4879,5,Eventually
467,5,decades
4944,5,blow
4946,5,Jobs
5158,5,feed
418,5,afford
396,5,commonly
5008,5,politics
398,5,ineffective
5005,5,strongly
5003,5,FBI
303,5,Facebook
4994,5,strong
4988,5,rising
4986,5,wasteful
4985,5,tariffs
406,5,red
4983,5,medicare
407,5,opposes
301,5,contributing
4970,5,calling
409,5,positive
410,5,angry
4964,5,reduced
5165,5,feet
4955,5,kills
5166,5,sympathy
611,5,policies
4575,5,apart
615,5,engaged
5360,5,rally
5361,5,Nazis
4236,5,Rove
4235,5,masters
792,5,huge
4221,5,domestic
800,5,register
804,5,trade
177,5,came
4210,5,opensecrets
807,5,scott
4208,5,reporting
813,5,propose
5373,5,Making
4204,5,productivity
4200,5,helped
822,5,police
4192,5,multi
837,5,number
4174,5,comment
4173,5,otherwise
843,5,threatening
4242,5,soft
4244,5,alive
845,5,Sunni
788,5,states
4312,5,hating
751,5,full
755,5,Someone
758,5,experience
759,5,prior
4289,5,supreme
4288,5,Insurance
4286,5,flip
770,5,door
4275,5,buy
771,5,company
188,5,busy
4272,5,biggest
777,5,science
4263,5,Japan
4261,5,actual
4258,5,although
782,5,beautiful
4254,5,noise
4253,5,screwed
787,5,STEM
4168,5,taking
846,5,Jindal
4568,5,humanity
4103,5,nobody
4091,5,embarrassed
5389,5,include
877,5,Has
4085,5,libertarianism
4081,5,likelihood
885,5,dependent
4078,5,payroll
5392,5,wishes
163,5,shall
162,5,committing
5130,5,might
899,5,collectively
900,5,sea
902,5,movie
4062,5,mention
4059,5,criminal
160,5,Bank
150,5,Chicago
4054,5,bridges
911,5,improved
5406,5,developed
4094,5,reached
165,5,object
5378,5,intentional
869,5,cover
169,5,morality
5386,5,contributions
4155,5,Aren
4151,5,including
4150,5,teams
4149,5,areas
854,5,vocal
4146,5,regularly
4138,5,staff
856,5,marriage
857,5,sell
4131,5,normally
858,5,Food
859,5,self
4128,5,disease
4125,5,payment
4124,5,eight
860,5,also
863,5,play
4115,5,min
4109,5,comfortable
747,5,scientists
4323,5,risk
5344,5,fast
4502,5,hopefully
237,5,life
5276,5,rid
4491,5,twice
663,5,Revolution
665,5,industry
4484,5,Bad
5285,5,negotiate
4479,5,earth
672,5,burning
4473,5,entertaining
231,5,pregnancy
5291,5,Almost
5298,5,Seems
4464,5,though
4463,5,laughed
675,5,homeless
5303,5,profitable
4457,5,fashion
4456,5,Dubya
4455,5,bridge
225,5,country
4501,5,finger
4506,5,however
741,5,investment
4507,5,boss
4564,5,unemployment
627,5,costs
4556,5,ocean
629,5,mongering
241,5,worked
4552,5,cycle
4551,5,social
4550,5,leftist
632,5,rest
637,5,around
4534,5,Secretary
640,5,traffic
642,5,vacuum
643,5,world
4529,5,expected
648,5,Perry
4520,5,operating
650,5,India
651,5,Seriously
4512,5,faced
4508,5,wear
679,5,hey
4446,5,tool
4444,5,urban
4442,5,wildly
721,5,causes
5328,5,refused
204,5,fair
4361,5,June
4360,5,hospital
4358,5,straw
4357,5,punishment
728,5,PACs
5334,5,firing
5335,5,range
4348,5,hundreds
4343,5,poison
731,5,cable
4341,5,blue
4340,5,estimated
1440,5,pragmatic
5337,5,wanna
4332,5,Mitch
4331,5,leaders
4329,5,Campaign
739,5,past
4368,5,must
4372,5,estate
4373,5,keep
5319,5,ignore
4440,5,top
5310,5,Last
4430,5,already
691,5,monopoly
694,5,abuses
695,5,politically
699,5,certain
5315,5,necessary
703,5,Real
5320,5,collect
213,5,side
710,5,accounts
5321,5,essential
714,5,legislatures
716,5,consider
215,5,never
4394,5,hypocrisy
4391,5,enter
4387,5,demanding
4382,5,charging
1010,5,deserves
2856,5,companies
1815,5,sighted
2759,5,GWB
2092,5,equivalent
1760,5,terror
2535,5,crap
1510,5,production
1865,5,Gerrymandering
2532,5,manage
2882,5,active
2410,5,belong
2391,5,look
2346,5,close
1498,5,green
2628,5,bet
1625,5,receives
2757,5,mistakes
2888,5,credit
2891,5,complicated
2301,5,useless
1500,5,Trust
2014,5,wealthiest
1867,5,half
2348,5,probable
2228,5,solving
2164,5,excess
2167,5,Jews
2221,5,soon
1631,5,speak
2034,5,document
1630,5,tons
2869,5,neo
2032,5,corporations
2352,5,probably
2406,5,payers
1861,5,forms
2874,5,Put
2090,5,deficit
2875,5,new
1770,5,turns
2091,5,business
2027,5,ship
2226,5,hell
2349,5,pictures
2408,5,anymore
2877,5,ever
2633,5,screw
2634,5,able
2928,5,give
2502,5,Not
2917,5,aligned
2504,5,friendly
2242,5,stopped
1694,5,denied
1802,5,Deal
1584,5,calculated
2112,5,low
1889,5,opened
2341,5,throwing
1485,5,provide
2235,5,food
2416,5,lie
2920,5,setup
2499,5,Apparently
2923,5,movies
1873,5,drop
2286,5,hundred
2115,5,trying
1935,5,taxation
2734,5,began
2387,5,Especially
2507,5,Canadian
2646,5,lowered
2645,5,upset
2101,5,protests
1685,5,Trump
1579,5,luxury
2748,5,Have
1830,5,heard
2904,5,criminals
1495,5,law
1622,5,essentially
1620,5,electing
1893,5,rational
2745,5,well
2106,5,prepare
2149,5,safety
1741,5,test
1492,5,earlier
1692,5,asking
2509,5,facebook
2239,5,WMDs
1933,5,uninformed
1923,5,tomorrow
2085,5,privatization
1838,5,intellectually
1747,5,together
1851,5,serving
1650,5,mistake
2278,5,wonderful
2830,5,Like
2055,5,death
1653,5,confirmed
2576,5,ticket
2575,5,Smith
2192,5,veterans
2068,5,listening
2171,5,amount
1855,5,ended
1529,5,Aside
2054,5,EPA
1640,5,Citizens
2204,5,stayed
2837,5,uneducated
1655,5,Stop
1910,5,benefited
1909,5,Even
2600,5,completely
2058,5,thinking
1533,5,cameras
2309,5,approved
1535,5,forth
1814,5,https
2593,5,margins
2061,5,role
2816,5,cells
2820,5,universal
1813,5,live
2821,5,penny
2306,5,Kentucky
2060,5,treatment
2822,5,education
1538,5,standard
1642,5,ahead
2587,5,magnitude
2305,5,electable
2584,5,Supreme
2064,5,real
2823,5,authority
2196,5,history
2072,5,fortune
2074,5,Show
2396,5,smart
2395,5,socialism
2851,5,reforms
2852,5,affect
2853,5,vast
1519,5,band
2404,5,reads
1762,5,seemingly
2045,5,severe
2175,5,put
2781,5,liking
2780,5,home
2356,5,statistically
1839,5,economy
1559,5,wasted
1517,5,safe
2354,5,piss
2039,5,anecdotal
2316,5,clean
1768,5,Just
2864,5,force
2083,5,Mark
1901,5,inevitable
1844,5,produce
2614,5,data
1662,5,hang
1638,5,attacked
1527,5,reasonable
1906,5,transition
1522,5,bread
2311,5,loopholes
2567,5,contraceptives
1663,5,evil
2849,5,Santorum
1664,5,hand
2180,5,takes
2563,5,farm
2403,5,jpg
2612,5,management
2791,5,expansion
2558,5,sought
1903,5,care
1801,5,exemption
2047,5,Nazi
2372,5,Was
1644,5,air
1591,5,religions
2265,5,ask
2325,5,pretty
2441,5,economic
2440,5,trends
2702,5,problem
2984,5,struggle
1707,5,Make
1605,5,steal
2131,5,forcing
1806,5,extra
1885,5,avoided
1719,5,somehow
2680,5,desperate
2681,5,operated
1949,5,DNC
1947,5,anger
2376,5,Most
1475,5,theories
1706,5,pays
2140,5,Executive
2438,5,fathers
2264,5,base
2125,5,hospitals
1882,5,challenges
2482,5,Hampshire
1478,5,criticizing
2437,5,Little
1825,5,spy
1980,5,Interesting
1819,5,douche
2419,5,user
1758,5,graph
1804,5,usually
1458,5,highly
1471,5,blocking
2464,5,within
2692,5,tens
2465,5,nonsense
2466,5,Their
2260,5,timeline
2124,5,moves
2957,5,unemployed
2266,5,turnout
2691,5,horrible
2449,5,hypocritical
2956,5,combination
1473,5,work
2665,5,legitimate
1474,5,refusing
1794,5,supporting
1711,5,balanced
2471,5,manufacture
2472,5,registered
1884,5,happen
2951,5,better
2443,5,describing
1608,5,checks
1875,5,entirely
2950,5,personal
2670,5,tobacco
2481,5,adults
2255,5,ass
1792,5,shared
2658,5,bases
2936,5,replacing
2987,5,Clinton
1463,5,plot
2374,5,described
2381,5,threaten
2249,5,event
1982,5,theatlantic
2426,5,retirement
2933,5,answer
2993,5,cleaning
2700,5,disproportionately
2422,5,obviously
2427,5,guaranteed
1887,5,shown
1592,5,PAC
1697,5,Gray
2431,5,showing
2453,5,viewpoints
2117,5,hire
2686,5,horribly
2654,5,based
2248,5,beyond
2730,5,Pretty
1828,5,subsidies
2995,5,economists
1816,5,club
2687,5,tend
2997,5,hook
2971,5,taught
2657,5,employer
2491,5,structure
1983,5,truly
2137,5,building
2683,5,Good
2254,5,issue
1607,5,Jackson
2682,5,REALLY
2488,5,draw
2120,5,beliefs
2706,5,minds
2688,5,state
2138,5,Mexican
2722,5,smoking
1700,5,graduates
2988,5,starts
1998,5,blame
1783,5,cost
2990,5,isn
1015,4,terrorists
1011,4,repair
2179,4,flaws
3838,4,understand
4834,4,hack
4817,4,sure
4003,4,Chinese
1014,4,garbage
4005,4,implement
1969,4,slaves
2183,4,injury
1013,4,clinton
1637,4,easy
614,4,constituency
326,4,happy
4010,4,presidents
1756,4,certainly
328,4,inside
4541,4,expenses
1009,4,deserved
3999,4,others
1635,4,dozens
1812,4,prove
3822,4,Yes
4016,4,dissonance
2398,4,pack
5098,4,challenging
920,4,loan
339,4,exist
4040,4,buildings
918,4,load
4042,4,philosophy
2599,4,cause
4045,4,Taxes
1026,4,suit
5096,4,needing
5235,4,Oregon
1879,4,challenged
4047,4,chief
915,4,retarded
2193,4,coalition
5238,4,numerous
1643,4,publicly
1604,4,implication
1030,4,deductions
2594,4,special
3803,4,fans
5232,4,dumb
2139,4,controlled
2675,4,shake
924,4,agents
636,4,aspects
259,4,Maybe
2609,4,bitch
5114,4,Democrats
613,4,situation
2382,4,territory
2677,4,immigrant
4022,4,account
2185,4,incentive
5225,4,activity
4536,4,weren
1018,4,appropriate
5226,4,sustainable
256,4,split
5109,4,explains
5229,4,achieved
2186,4,excuse
336,4,steady
638,4,sums
5103,4,influenced
5102,4,Benghazi
616,4,Looking
1633,4,Kerry
3997,4,Marriage
2638,4,tactic
2152,4,heaven
1870,4,discuss
2154,4,streets
5202,4,nothing
3924,4,usa
342,4,negotiations
2661,4,employed
989,4,projects
3875,4,letting
297,4,enemies
972,4,Labor
3874,4,alternative
2384,4,Women
302,4,individuals
3931,4,proportional
300,4,fox
2635,4,purchasing
2662,4,achieve
2632,4,border
2158,4,learned
3941,4,hopes
2390,4,lives
3871,4,ludicrous
3943,4,planet
2159,4,Totally
3870,4,Considering
2285,4,grocery
5179,4,store
3918,4,taxing
3880,4,impoverished
274,4,innocent
276,4,east
5190,4,motivation
3893,4,semi
3899,4,often
2649,4,violation
5187,4,outrageous
3904,4,extremist
280,4,possible
1872,4,wont
982,4,Both
2655,4,hadn
5184,4,king
5198,4,electric
625,4,Says
3888,4,matters
270,4,previous
3909,4,affects
2289,4,deciding
3911,4,per
3912,4,eliminate
628,4,trains
3915,4,either
3883,4,ridiculously
987,4,shitty
3869,4,spend
3868,4,entry
4544,4,brutal
951,4,leaning
5209,4,Majority
954,4,hoping
3977,4,accuse
3978,4,severely
3856,4,development
2386,4,lived
3853,4,Cops
5139,4,inherent
2143,4,splitting
3851,4,leaving
5213,4,rampant
1005,4,prosecuted
2669,4,processes
2627,4,providing
314,4,advantages
4545,4,Tell
2172,4,arent
1860,4,acknowledge
3989,4,depression
3846,4,replaced
946,4,judicial
5132,4,wouldn
3992,4,access
2174,4,requiring
5214,4,penalty
945,4,Old
3975,4,Constitutional
5140,4,weight
994,4,methods
2621,4,lists
2663,4,overall
3950,4,denying
991,4,consensus
2664,4,joint
2161,4,loose
5157,4,fallen
2625,4,shill
304,4,shifting
1749,4,stick
3864,4,task
2623,4,overwhelming
961,4,Then
4831,4,drastically
618,4,expenditures
5207,4,lying
959,4,virtually
5147,4,forgive
957,4,funny
631,4,morons
5208,4,pennies
4547,4,complex
5143,4,expect
3970,4,Corporate
1811,4,market
3859,4,moment
4825,4,NRA
4127,4,request
905,4,thrive
748,4,method
4324,4,rise
670,4,mean
743,4,section
4320,4,Additionally
1827,4,expanding
4317,4,violate
2492,4,practically
4313,4,Communist
4301,4,christians
1698,4,School
4311,4,sleep
4310,4,facilities
4482,4,spite
1696,4,participation
4305,4,Private
4950,4,except
421,4,ignorant
424,4,behalf
4330,4,enjoy
2486,4,recognition
4353,4,leaves
2473,4,properly
4931,4,magical
4350,4,path
4349,4,represented
4347,4,shills
730,4,condition
4345,4,supplies
4344,4,conduct
2478,4,Those
1705,4,wasting
4478,4,solutions
4334,4,fairness
738,4,Should
2484,4,application
4483,4,Big
2496,4,bribe
1739,4,interested
4977,4,moot
662,4,stone
2241,4,fully
2240,4,payer
774,4,tested
776,4,keeping
2508,4,wave
661,4,standpoint
4978,4,provides
4954,4,Change
4492,4,shots
4980,4,Sounds
2513,4,enforce
2514,4,punishing
4255,4,slight
2515,4,jump
2275,4,miss
2505,4,Nor
2415,4,lawyers
4864,4,mortgage
4280,4,repeated
1740,4,holding
2245,4,heavy
4296,4,corporation
4957,4,inflation
4294,4,shooting
4958,4,accepted
760,4,pick
761,4,action
4959,4,Talk
667,4,meal
412,4,opposed
1695,4,beating
766,4,batshit
4282,4,partially
2244,4,referred
4354,4,changed
4356,4,settled
4251,4,shelter
454,4,truck
684,4,principles
2425,4,useful
687,4,buying
4431,4,Working
4465,4,plenty
4427,4,priorities
2442,4,politifact
4892,4,approval
4899,4,careful
4893,4,bizarre
4421,4,rail
4420,4,associate
696,4,agree
470,4,instantly
4467,4,peers
450,4,stress
4435,4,restrict
4887,4,color
1727,4,promises
2268,4,Boston
4459,4,talking
2271,4,american
2430,4,lacking
4453,4,Only
4452,4,immigrants
4450,4,western
4449,4,negotiating
1730,4,evidence
2433,4,outright
4884,4,duty
4445,4,murder
2435,4,popular
4885,4,Guess
1728,4,Some
4441,4,ton
1725,4,maximum
4873,4,caucus
4926,4,Banks
439,4,agendas
717,4,caused
4915,4,shifts
440,4,viewpoint
4380,4,toxic
2461,4,block
4377,4,ONE
720,4,reasoning
4374,4,attract
4901,4,spirit
4920,4,blatantly
2463,4,visit
4921,4,driver
4370,4,join
438,4,stole
4924,4,driven
2467,4,statistics
4385,4,description
2458,4,Looks
1738,4,reality
2262,4,houses
1724,4,reproductive
4407,4,victory
4904,4,advocating
4404,4,Gotta
4872,4,arrogant
4402,4,prevented
4401,4,diseases
4871,4,outside
4399,4,compelling
1722,4,Left
713,4,original
2456,4,faith
444,4,Why
4392,4,executed
4390,4,ultimate
4252,4,assuming
4982,4,mutually
2590,4,chunk
1843,4,southern
2209,4,tries
2561,4,Gore
4521,4,expense
2564,4,British
1880,4,Dude
366,4,choice
4123,4,Without
5061,4,sum
1660,4,independent
4119,4,mix
363,4,Believe
2568,4,Middle
864,4,Isn
865,4,accepting
867,4,Google
5064,4,attitudes
4134,4,supported
4135,4,Religion
1666,4,blamed
2559,4,founding
4154,4,exists
2214,4,Perot
4152,4,fixed
5042,4,fat
2555,4,links
375,4,solved
2212,4,criticize
2557,4,pulling
5047,4,stimulus
4144,4,York
2210,4,terrorist
5051,4,NPR
5052,4,ten
5053,4,tea
372,4,Tax
868,4,sometimes
360,4,Indiana
480,4,quarter
4528,4,spread
5081,4,Tom
2197,4,fundamentalist
4076,4,China
5085,4,flat
1647,4,aid
2583,4,documented
894,4,set
4068,4,sin
1657,4,incorrectly
2586,4,university
4840,4,believing
1746,4,convincing
2588,4,mode
343,4,posting
4061,4,greater
903,4,currently
5079,4,Things
882,4,failed
1651,4,cons
4845,4,hedge
4847,4,freaking
872,4,attacking
5067,4,guns
359,4,whoever
649,4,NAFTA
4099,4,realistically
4098,4,sadly
4097,4,ancient
4096,4,owning
358,4,chain
1654,4,perform
5074,4,Absolutely
4092,4,improvements
2402,4,Furthermore
879,4,impact
2552,4,meet
379,4,unaware
786,4,accept
1682,4,righteous
4224,4,seats
4499,4,capacity
4500,4,continually
4999,4,promote
4858,4,ignores
4219,4,stores
799,4,refuse
801,4,fundamental
1677,4,adding
803,4,replied
4503,4,approach
473,4,smarter
4505,4,weak
2229,4,absence
2534,4,manipulate
808,4,signs
4225,4,tough
658,4,scientific
796,4,plans
795,4,plant
4248,4,happens
4246,4,proper
2518,4,plays
1689,4,born
4241,4,works
789,4,unbiased
4239,4,journalism
791,4,station
2523,4,commercial
4234,4,articles
405,4,fake
2525,4,Green
4990,4,strictly
2412,4,grand
4497,4,corrupt
1679,4,belongs
4203,4,Wouldn
5038,4,activities
5031,4,decisions
5024,4,websites
4176,4,laugh
4514,4,fault
4854,4,encourages
2276,4,horse
4170,4,assure
2545,4,becomes
2547,4,appointed
5009,4,spends
4517,4,games
2548,4,ride
848,4,immediate
4163,4,implementing
1670,4,contact
2216,4,anytime
851,4,unrealistic
5023,4,curve
4179,4,videos
2222,4,Illinois
4513,4,protect
2409,4,grant
821,4,reduce
1742,4,unwilling
4195,4,value
477,4,Socialism
4193,4,plain
656,4,refer
2223,4,held
829,4,belief
830,4,qualify
4188,4,Honestly
831,4,imagine
390,4,address
838,4,protectionism
841,4,leverage
3802,4,electoral
549,4,salt
3800,4,individual
2899,4,county
3269,4,suggestion
4758,4,term
3264,4,box
2895,4,mobility
5563,4,limit
1308,4,Get
575,4,surgery
2900,4,Also
1299,4,figures
5567,4,opening
72,4,household
4751,4,loophole
71,4,example
1313,4,homosexual
3246,4,round
2906,4,arms
5558,4,closer
3273,4,merely
1928,4,remotely
1507,4,bombing
2020,4,metric
3295,4,claim
3293,4,growing
2019,4,soil
2018,4,orientation
80,4,damage
1508,4,Catholics
3285,4,beholden
2890,4,permit
4673,4,posts
2017,4,joke
2016,4,trick
2885,4,dry
2886,4,economics
3278,4,sake
76,4,poverty
1494,4,lay
1317,4,ultra
3242,4,dig
3210,4,fell
3218,4,Second
65,4,circumstances
1773,4,gut
5586,4,present
2342,4,France
5588,4,unlike
3211,4,authorities
3209,4,utilities
3241,4,die
4688,4,reply
3206,4,handed
64,4,hold
2008,4,informed
1341,4,increased
63,4,hole
2922,4,roof
5582,4,scrutiny
1488,4,moron
5580,4,agreements
1489,4,ordinary
4683,4,chicken
3239,4,Where
4684,4,Red
3237,4,Plus
1932,4,mostly
1493,4,Will
3234,4,aspx
1320,4,lunatic
2911,4,tell
1324,4,ball
1491,4,pizza
3228,4,Exactly
5578,4,decent
5579,4,literal
2914,4,wars
83,4,Welfare
5544,4,ones
4690,4,witch
5498,4,publication
3381,4,inefficient
1227,4,wet
2046,4,congressmen
1229,4,appealing
3377,4,Post
1234,4,false
1235,4,defending
110,4,substantially
3385,4,protected
1237,4,clearly
2855,4,skills
5502,4,misinformed
2042,4,theater
1242,4,worldwide
1,4,Does
3360,4,Sometimes
3384,4,gotta
3386,4,gathering
3301,4,council
3399,4,channel
1523,4,reasonably
2847,4,sorry
5482,4,related
3405,4,paid
1917,4,directly
5484,4,Which
3400,4,pain
3398,4,performance
3387,4,Court
3397,4,potential
1918,4,invasion
5489,4,disclose
5490,4,conflicts
3391,4,conspiracy
2314,4,popularity
1224,4,haven
2857,4,solution
2041,4,mentally
5506,4,regards
4766,4,profit
5524,4,discourage
585,4,undermine
93,4,wind
5527,4,gain
1273,4,Because
2030,4,develop
1276,4,extremists
5535,4,utter
3355,4,miles
4669,4,tanks
2026,4,return
3308,4,staying
1284,4,reddit
2024,4,embrace
3303,4,Putin
5542,4,sued
1268,4,lucky
1513,4,eventually
3329,4,argued
2033,4,followers
3354,4,socialized
4658,4,leads
2860,4,employees
2355,4,bigots
4661,4,clarification
1255,4,rough
1922,4,Ever
1515,4,affected
2866,4,likely
2035,4,finish
1261,4,meant
3336,4,main
98,4,screaming
3333,4,WTF
1263,4,handle
5594,4,thus
3195,4,propaganda
1524,4,classified
5679,4,Except
541,4,handing
1407,4,illusion
542,4,Getting
5675,4,kidding
3062,4,testing
1958,4,Unlike
3059,4,decides
553,4,walking
1406,4,details
2976,4,restricted
3055,4,bad
2978,4,content
1415,4,South
544,4,knee
4717,4,cases
2979,4,surprise
1461,4,hindsight
5672,4,significantly
1793,4,appeal
3084,4,asks
3091,4,basic
3090,4,interest
540,4,wanting
22,4,Wrong
2967,4,Check
1392,4,placed
3085,4,basis
1393,4,books
1403,4,deadly
2337,4,competing
3079,4,distinction
4736,4,fascist
5668,4,owe
5669,4,weather
1981,4,wingers
19,4,forgetting
2980,4,Must
4718,4,Family
10,4,regional
2992,4,loud
1964,4,forever
3020,4,ensure
1427,4,NYC
5702,4,incredibly
3017,4,tells
2989,4,messages
5704,4,illegally
1435,4,blanket
3045,4,coast
5705,4,kinds
3007,4,matter
548,4,federal
5709,4,ranks
1965,4,dream
5711,4,ideological
3001,4,twisted
2331,4,trees
3023,4,observation
1973,4,Political
4,4,Foundation
1453,4,items
1417,4,rule
5685,4,tactics
3041,4,wearing
1418,4,pandering
3039,4,sugar
1451,4,protection
5687,4,Tea
7,4,Ronald
6,4,electricity
5690,4,Depends
4720,4,thousands
1960,4,exploited
1791,4,Imagine
1974,4,discovered
5657,4,carried
5654,4,stay
4691,4,groups
5620,4,heavily
1354,4,ballot
5612,4,warming
3168,4,bold
2934,4,faulty
5613,4,Houston
5614,4,approve
568,4,worried
1480,4,Marxist
5610,4,student
3156,4,manual
52,4,music
2939,4,purchase
5624,4,happiness
2941,4,attempt
3150,4,background
3149,4,Pakistan
2000,4,article
1353,4,choosing
1469,4,reign
4693,4,healthy
5597,4,perhaps
61,4,hurt
4749,4,offers
1937,4,eliminated
5603,4,difficult
2927,4,root
1940,4,television
3183,4,doctrine
3175,4,magazine
3182,4,lies
5606,4,disagree
3180,4,intellectual
2929,4,involve
1351,4,amendment
5608,4,automation
1941,4,monopolies
1364,4,imaginary
3147,4,save
537,4,note
3105,4,suppose
39,4,military
2952,4,differently
3113,4,disappear
3110,4,complaint
3109,4,Nah
1953,4,objective
2959,4,Secondly
1387,4,Healthcare
3145,4,justices
562,4,simplistic
1989,4,physically
3100,4,exception
1390,4,places
1954,4,bitching
4740,4,inform
3096,4,deeper
1992,4,concern
564,4,Having
1378,4,roads
5639,4,loses
5627,4,sky
5628,4,adoption
2944,4,capitalism
3140,4,yes
5629,4,attractive
5631,4,acted
3136,4,unfair
2946,4,capitalist
3132,4,left
3131,4,investments
3130,4,claims
565,4,prime
4701,4,problematic
3127,4,changes
5638,4,helpful
5477,4,worlds
1223,4,elite
1766,4,Jersey
2108,4,aren
3661,4,minimum
2743,4,paycheck
3659,4,compare
3658,4,purchases
1100,4,firms
1890,4,space
1892,4,increase
1580,4,forces
2741,4,frequently
3652,4,sucks
214,4,wage
2107,4,area
2746,4,finds
3646,4,particular
2103,4,involvement
202,4,mandatory
1581,4,involving
217,4,nature
5299,4,competitive
3679,4,What
1759,4,obamacare
2729,4,dems
1888,4,accomplish
5306,4,exclusively
1090,4,race
4602,4,Fair
1589,4,notion
2735,4,parts
1095,4,odd
3676,4,coal
223,4,tyranny
1587,4,deeply
222,4,debt
505,4,massive
3671,4,par
3670,4,List
3642,4,comparing
2102,4,Add
2751,4,accurate
186,4,driving
3613,4,neighborhood
5349,4,criteria
2761,4,bullshit
190,4,bust
3609,4,form
3606,4,dictatorship
2764,4,warrant
3415,4,representatives
1576,4,latter
183,4,sexist
601,4,breath
2769,4,prominent
3596,4,grassroots
4614,4,electorate
4617,4,rely
3591,4,resolution
3614,4,Actually
1121,4,tools
2095,4,throw
3617,4,perspective
1110,4,engage
2100,4,intent
2099,4,greatly
2371,4,Way
3631,4,Constitution
5339,4,credible
5340,4,Everything
4606,4,plus
1111,4,receive
4608,4,Still
1113,4,resulting
1115,4,opinion
1116,4,residents
2370,4,likes
4610,4,presence
5300,4,HAVE
1083,4,continued
178,4,saying
4586,4,Much
3771,4,crash
1044,4,preventing
5254,4,ANY
2693,4,neither
3765,4,majority
5255,4,reasons
2694,4,sold
3761,4,built
3773,4,services
1046,4,elements
5259,4,incomes
3756,4,declare
3755,4,treated
3754,4,supposed
4808,4,pre
2701,4,precious
3772,4,significant
3774,4,extremely
1081,4,animals
3788,4,freedoms
3797,4,remove
2293,4,sentences
1034,4,GDP
4579,4,dishonest
5243,4,Could
3792,4,cheaper
247,4,bin
3786,4,ruin
3775,4,charitable
4584,4,Again
1039,4,defined
5250,4,AND
4585,4,successfully
5253,4,context
3777,4,sector
1043,4,Single
2703,4,hits
2704,4,limits
1600,4,nasty
5289,4,lower
3719,4,circumstance
5282,4,higher
232,4,Sorry
4804,4,require
5286,4,moving
1070,4,concerned
5288,4,YOU
1077,4,resources
2707,4,admit
607,4,theguardian
3706,4,energy
2723,4,harder
2724,4,owns
605,4,thousand
5297,4,polled
3699,4,rant
5280,4,widely
5278,4,ideologies
5277,4,provisions
4593,4,establish
3743,4,compromise
5265,4,buck
5266,4,demand
3740,4,regulation
1054,4,holes
1056,4,opposing
3736,4,Okay
2710,4,quit
239,4,substance
1058,4,fresh
1805,4,regardless
1062,4,results
236,4,incompetent
4592,4,Cuba
1597,4,adequate
4794,4,releases
3603,4,sitting
2087,4,Government
3474,4,educated
5430,4,consumption
2363,4,forgotten
1180,4,intelligent
3486,4,different
2062,4,struck
1534,4,medicine
1765,4,trouble
3473,4,borders
139,4,listen
3472,4,judging
4637,4,regime
1186,4,society
1914,4,flipping
140,4,collapse
3467,4,sensible
1187,4,frequency
3491,4,arguments
1913,4,There
5427,4,fee
1543,4,creates
3513,4,grid
2304,4,quote
3511,4,admitting
1172,4,elites
2804,4,inner
5416,4,separation
3507,4,Although
1911,4,guessing
3587,4,requires
2065,4,read
4630,4,solar
3501,4,accountable
1544,4,oppose
3498,4,largely
5425,4,apply
3464,4,grants
2057,4,legitimately
5414,4,Obviously
1208,4,owned
5462,4,interpreted
1205,4,scare
129,4,traction
2836,4,portion
5466,4,permanent
2310,4,salary
1915,4,Asia
4777,4,revenue
4639,4,High
4647,4,football
127,4,Please
1213,4,Snowden
3419,4,dick
4648,4,younger
3417,4,threshold
126,4,repealed
5460,4,honestly
5459,4,light
2833,4,using
3438,4,honesty
1532,4,network
1192,4,Very
4641,4,tip
1194,4,hilarious
135,4,master
2829,4,Dems
4642,4,setting
3448,4,reading
3447,4,enough
1199,4,regulatory
1201,4,Point
3442,4,Hopefully
5456,4,attend
5457,4,abuse
4644,4,papers
1170,4,chosen
5418,4,stupidity
3516,4,mob
2789,4,reaching
1146,4,educational
2783,4,moderates
2784,4,broad
5384,4,edu
168,4,organization
2082,4,exposed
3554,4,references
5380,4,issued
1157,4,counter
4623,4,medium
3549,4,road
3517,4,disappointed
3545,4,Trade
5393,4,drinking
2782,4,ROI
173,4,camp
5395,4,deals
4619,4,gif
2086,4,Marx
1137,4,publications
3584,4,students
5371,4,generated
5372,4,allowing
1141,4,lock
175,4,tech
3569,4,deep
5376,4,karma
1560,4,target
2778,4,library
3573,4,lifetime
2302,4,With
3571,4,Lets
5394,4,notes
5391,4,mainstream
3534,4,knife
3529,4,gross
152,4,Generally
1161,4,counted
1162,4,Catholic
5403,4,makers
5404,4,folk
4627,4,deny
1166,4,insight
4625,4,attempted
2802,4,additional
5410,4,chose
3522,4,audience
1763,4,liability
148,4,project
3518,4,serves
598,4,west
1059,4,essay
2078,4,benefit
522,3,History
535,3,Jewish
4782,3,necessarily
2287,3,attorney
471,3,recipients
472,3,civilian
2312,3,mobile
499,3,crazies
4832,3,cheap
4797,3,IMO
2295,3,concentration
4787,3,returns
4810,3,rent
4866,3,ways
4812,3,prosperity
4742,3,exclusive
2294,3,Got
4730,3,requirements
512,3,city
527,3,addressing
4796,3,huh
507,3,spoken
4737,3,fascism
517,3,cite
4771,3,impose
4868,3,review
4861,3,encouraged
2324,3,French
4835,3,genius
4780,3,engineer
521,3,representing
478,3,maintaining
4842,3,Progressive
4756,3,qualified
1808,3,sincerely
1810,3,firearm
515,3,draft
2284,3,blindly
4820,3,falls
4829,3,slope
4779,3,Citizen
504,3,wrong
4865,3,farmers
4869,3,outsourcing
4765,3,factors
4876,3,cities
518,3,proving
4791,3,legally
4732,3,genocide
2315,3,unreasonable
528,3,illness
2320,3,phenomenon
2998,3,grads
1817,3,clue
5458,3,Hence
5422,3,forbid
145,3,outlaw
5431,3,Huh
142,3,Such
5436,3,equity
5437,3,Gun
5439,3,ALL
5440,3,disingenuous
5445,3,assumptions
137,3,hypothetical
136,3,listed
5450,3,united
5453,3,traders
5455,3,secular
2053,3,Might
2121,3,describe
5469,3,defining
5470,3,violating
5473,3,material
5476,3,investor
122,3,estimate
5486,3,sentiment
115,3,adapt
5491,3,feasible
113,3,Haha
112,3,Part
2044,3,constitutional
5504,3,doomed
5508,3,blind
5509,3,boring
5415,3,desired
2069,3,amp
5405,3,universities
2076,3,collective
5292,3,depending
228,3,argue
1886,3,Carolina
226,3,planned
5308,3,violations
5309,3,customers
2114,3,assumes
5316,3,WMD
200,3,Clearly
196,3,altogether
5343,3,question
2097,3,central
1895,3,viable
5346,3,sections
189,3,headline
5357,3,associated
5358,3,worthwhile
1898,3,cars
181,3,meetings
5364,3,peace
5365,3,backs
180,3,Union
5374,3,vice
174,3,Democrat
171,3,Hispanic
5388,3,stable
5390,3,dramatically
2079,3,output
2077,3,miracle
5510,3,richer
102,3,slate
5513,3,teenagers
1944,3,remained
5618,3,routinely
5623,3,obtain
5626,3,drunk
5635,3,myth
45,3,explained
44,3,magically
5640,3,taxpayers
1952,3,online
5645,3,export
37,3,controversy
5653,3,asinine
27,3,hero
24,3,College
5663,3,carries
20,3,contributed
5667,3,unsustainable
5673,3,hitting
5674,3,transfer
14,3,reliable
1959,3,price
1977,3,title
12,3,Less
9,3,Frankly
1976,3,ratio
5695,3,mutual
5700,3,boom
5703,3,conclusion
5706,3,inherently
5707,3,kinda
5617,3,ARE
54,3,unfortunately
5514,3,linked
5605,3,Third
5523,3,statute
1924,3,size
5531,3,agreed
5532,3,purely
2029,3,Israel
5537,3,agrees
1926,3,checked
2022,3,Better
5550,3,protesting
79,3,travel
77,3,worldview
1929,3,households
5559,3,arguably
75,3,absolute
5562,3,closed
5564,3,speed
2012,3,countless
5568,3,agencies
5570,3,declining
2011,3,commenting
70,3,revenues
66,3,morally
5585,3,overturn
5587,3,abandoned
5589,3,align
5590,3,choices
2007,3,cares
5596,3,Hope
2005,3,learning
5290,3,Carter
5284,3,literature
460,3,professors
5018,3,stocks
403,3,logical
4993,3,racist
1833,3,productive
4997,3,regard
399,3,studies
5001,3,applying
2231,3,systems
5004,3,Anything
2230,3,EVERY
5010,3,incorrect
397,3,accomplished
1834,3,bankrupt
1835,3,discussion
1836,3,bonds
389,3,understanding
234,3,subsidy
388,3,jury
5026,3,treason
386,3,falling
384,3,current
2219,3,egg
1840,3,product
2213,3,Mexico
5056,3,design
1842,3,sacrifice
1845,3,Martin
2202,3,species
2201,3,lacks
5076,3,options
1848,3,whenever
4991,3,racism
4987,3,communication
1831,3,clothing
4981,3,discussed
1818,3,organizations
4890,3,insist
452,3,sectors
4897,3,hardly
4900,3,irrelevant
2263,3,reason
4907,3,slippery
4908,3,fetuses
443,3,immune
4913,3,granted
4914,3,trip
4925,3,persons
2258,3,dirt
1821,3,cap
427,3,pretend
4935,3,model
4941,3,actions
420,3,validity
419,3,apparent
415,3,prosecutor
2246,3,End
4960,3,reduces
4961,3,buddies
4965,3,joking
2243,3,Council
4969,3,competition
4973,3,provided
4975,3,stops
4979,3,uploads
5080,3,Too
2195,3,budgets
346,3,Track
279,3,disagreement
271,3,ideal
5200,3,measures
5201,3,reach
5203,3,measured
1874,3,Clintons
4728,3,counting
261,3,ownership
260,3,workforce
2142,3,pointing
5218,3,mistaken
5220,3,emails
5224,3,Doesn
2134,3,authoritarian
252,3,Capital
5241,3,creating
1881,3,yeah
249,3,LOL
246,3,flooding
245,3,employ
5248,3,competent
5249,3,relying
5251,3,license
243,3,commerce
5257,3,regulated
2126,3,credibility
5267,3,plants
5270,3,bailouts
5272,3,unprecedented
5274,3,engineers
273,3,Surely
287,3,psychological
344,3,Francisco
5182,3,rifle
5093,3,equation
5094,3,debated
5099,3,division
5101,3,libertarian
1854,3,Fed
5110,3,okay
333,3,passenger
5115,3,SCOTUS
5116,3,essence
2184,3,lowering
322,3,wordpress
2177,3,trained
2176,3,aimed
5129,3,disagrees
5136,3,communities
2169,3,losses
311,3,slightly
5145,3,alcohol
5148,3,teach
2166,3,deductible
306,3,manufacturing
1866,3,introduce
5160,3,feel
5163,3,fancy
5167,3,revolution
2156,3,consumers
293,3,beneficial
2150,3,minded
289,3,steps
266,3,opinions
1967,3,implications
2329,3,albeit
3388,3,topics
3983,3,Libertarian
2617,3,perfectly
3974,3,random
2622,3,manipulation
3390,3,voices
956,3,Krugman
3968,3,overly
3967,3,failures
3392,3,bailed
958,3,rules
3393,3,efficient
3962,3,bankers
960,3,survey
3394,3,answering
3404,3,decreasing
950,3,technical
3383,3,hillary
1294,3,restrictions
948,3,expanded
3364,3,language
3365,3,Being
1241,3,mechanism
4014,3,scandal
4012,3,decrease
4009,3,Amtrak
4006,3,proof
4004,3,situations
1228,3,bother
4001,3,extreme
943,3,Saudi
3996,3,exchange
2615,3,adopted
3993,3,exercise
3991,3,enjoyed
3407,3,assault
1627,3,negotiation
964,3,medicaid
965,3,necessity
3913,3,Nothing
3908,3,chamber
2648,3,impression
3906,3,examples
3905,3,strongest
979,3,input
1615,3,drawn
2839,3,protest
1614,3,unable
2838,3,indirectly
1207,3,scene
3426,3,employers
3895,3,Whatever
3430,3,Libertarians
3889,3,foreigners
977,3,location
1616,3,misguided
3920,3,fed
3933,3,delusional
3947,3,Perhaps
3946,3,constant
1623,3,ill
3940,3,gallup
3938,3,immigration
2636,3,arm
2637,3,instance
975,3,conclusions
3928,3,causation
3411,3,shop
1215,3,Eastern
2842,3,buddy
3418,3,corner
1617,3,terms
4021,3,whatsoever
4023,3,Period
3358,3,monster
4106,3,compensation
3307,3,map
2876,3,net
855,3,determined
2775,3,payments
4140,3,knowledge
4139,3,communism
4133,3,text
1282,3,catastrophic
2562,3,immoral
3312,3,mad
861,3,internal
4120,3,concerns
1279,3,Afghanistan
4114,3,mil
4111,3,dictate
4145,3,communist
2556,3,providers
3302,3,YOUR
4162,3,deliver
2543,3,bureaucracy
1293,3,lawsuit
1509,3,somewhere
1672,3,quoted
1291,3,email
4166,3,instant
1288,3,nuclear
3300,3,sample
1287,3,insulting
1669,3,tho
4157,3,Wikipedia
4156,3,subsidizing
1286,3,nationwide
2553,3,drops
4108,3,Pay
3315,3,grow
1639,3,concerning
1274,3,committees
1256,3,economist
907,3,targeted
2592,3,measure
2595,3,secretly
914,3,connection
1516,3,bans
1641,3,applied
4037,3,winners
3348,3,Minimum
927,3,belt
4030,3,violence
3356,3,entitlements
2604,3,route
931,3,acceptance
3357,3,correct
901,3,Nader
1646,3,applies
4074,3,defend
3326,3,entity
2873,3,unskilled
4101,3,Lincoln
3322,3,cute
1511,3,damages
1512,3,versus
4088,3,south
1267,3,familiar
1259,3,entities
4084,3,allies
1264,3,listened
2868,3,pander
886,3,banned
2867,3,implemented
887,3,closely
2656,3,winner
3884,3,Did
3431,3,median
1107,3,consideration
2801,3,accused
1096,3,graduating
2799,3,pointless
3656,3,abandon
1554,3,damaging
1101,3,thin
3654,3,paragraph
3651,3,recall
1103,3,leg
2796,3,equally
1557,3,rejected
3649,3,none
3538,3,Vietnam
2747,3,drone
3539,3,refers
3673,3,blood
2736,3,speaker
3523,3,nose
3508,3,pill
2721,3,World
3704,3,mental
1080,3,manipulated
3504,3,pissing
3505,3,aspect
3506,3,pile
2725,3,Any
3521,3,Biden
1593,3,Powell
3694,3,humans
1085,3,treaties
2728,3,surface
1087,3,fewer
3686,3,messed
1106,3,downvote
2792,3,prohibited
1550,3,approximately
3634,3,armed
2767,3,burden
2785,3,However
1564,3,historical
1130,3,gladly
2770,3,loss
3564,3,Society
3566,3,leaked
2771,3,England
1132,3,customer
1562,3,See
2779,3,motive
1139,3,bent
3582,3,Climate
3581,3,privatized
3579,3,drivers
1566,3,solely
3602,3,premium
2787,3,limitations
3544,3,meaning
3633,3,suits
3632,3,transit
3541,3,stations
1573,3,East
3543,3,fringe
3626,3,search
3546,3,practical
3558,3,Though
3548,3,mixed
1120,3,outcomes
2790,3,monetary
2760,3,upvoted
1151,3,tied
2763,3,upvotes
1594,3,European
2810,3,neutral
2660,3,employee
3791,3,express
3825,3,supply
2828,3,Besides
2827,3,offensive
1019,3,primarily
3818,3,annual
1023,3,bargaining
3816,3,Yea
3814,3,reverse
3813,3,Thats
3809,3,aircraft
2684,3,stats
1029,3,poster
1033,3,posted
3796,3,Anyway
3459,3,holders
1606,3,secretary
3829,3,expensive
4725,3,Media
3854,3,discourse
3878,3,source
1530,3,MSNBC
1204,3,assumed
1610,3,discussions
3860,3,strength
1609,3,depends
3436,3,wiki
3831,3,create
1004,3,behave
3441,3,eliminating
1008,3,nowhere
3842,3,raw
2673,3,grab
2674,3,grad
3460,3,traded
3790,3,permission
1176,3,transparent
3787,3,distributed
3480,3,ongoing
1599,3,preferred
1598,3,personality
3730,3,dont
3481,3,margin
1064,3,highways
3484,3,everyday
3723,3,laughable
1066,3,broader
1595,3,implementation
3485,3,movements
1536,3,barrier
3490,3,speech
1178,3,San
2719,3,diversity
2709,3,maximize
1184,3,shortage
3742,3,statement
3769,3,chart
1038,3,boomers
3783,3,networks
2689,3,Harvard
1041,3,diverse
2690,3,correctly
1042,3,fixing
1188,3,differ
3477,3,dramatic
2697,3,importance
2698,3,efficiency
1048,3,robots
3469,3,Sure
3471,3,mark
3475,3,offered
4175,3,relevant
1283,3,frame
4177,3,basing
3115,3,realizing
1745,3,welcome
1470,3,aware
2962,3,Indeed
2961,3,meat
2958,3,therapy
654,3,scandals
4511,3,improve
3094,3,website
4509,3,censorship
657,3,biased
2411,3,discredit
2413,3,conflict
3117,3,unfortunate
4494,3,farther
646,3,millennials
644,3,vague
1383,3,function
1750,3,concept
1754,3,IMHO
623,3,renewable
624,3,tracking
4558,3,greatest
4557,3,savings
1752,3,global
4553,3,mentioning
2401,3,wherever
1748,3,precedent
4549,3,Taking
3088,3,commission
3089,3,trigger
635,3,starving
641,3,preference
4493,3,automatic
1382,3,naturally
4572,3,cultural
2445,3,spouting
4436,3,fantasy
4433,3,rank
690,3,rush
4425,3,BTW
1726,3,emotional
4422,3,free
3139,3,facts
3135,3,yea
1366,3,counties
3144,3,Giving
2447,3,minimal
704,3,Read
707,3,Bullshit
708,3,presenting
3138,3,human
2947,3,operate
3120,3,entitled
4468,3,flow
4475,3,bait
673,3,flawed
4472,3,enterprise
1376,3,libertarians
4470,3,reputation
4469,3,treaty
4466,3,coin
677,3,technically
1374,3,centrist
4178,3,earning
2949,3,fetus
4460,3,regulate
1370,3,lifestyle
1731,3,expertise
4566,3,cherry
2380,3,collected
1723,3,responding
1772,3,gun
1426,3,controversial
1425,3,NYT
3026,3,competitors
2344,3,culture
4680,3,trend
1422,3,rep
579,3,sites
4685,3,constitution
3028,3,principle
3029,3,consumer
2347,3,Neither
4662,3,passage
590,3,expression
1443,3,established
573,3,vision
3018,3,NEVER
3034,3,liberty
3006,3,legalize
2330,3,financing
1438,3,debunked
1787,3,appear
555,3,merit
558,3,slow
559,3,outrage
4707,3,handled
3014,3,seem
563,3,outlet
4704,3,Therefore
3008,3,silly
1442,3,machines
567,3,borrow
1778,3,brave
4653,3,ron
3036,3,explain
4578,3,hunt
2377,3,describes
4615,3,rounds
3060,3,questions
4607,3,efforts
4604,3,dinner
4603,3,attacks
4594,3,ice
4590,3,specific
600,3,concede
4589,3,indirect
3073,3,picking
610,3,engineering
3075,3,Otherwise
1757,3,zone
3076,3,suggested
4616,3,existed
3058,3,ethical
2983,3,USSR
4636,3,liberalism
2358,3,poorer
592,3,Were
4645,3,tie
4643,3,stagnant
2360,3,Hard
4638,3,willingly
3046,3,Heck
3057,3,ears
3047,3,Voting
3050,3,bar
2362,3,sensitive
4631,3,removed
597,3,stretch
3051,3,fields
1365,3,loans
4461,3,relatively
1561,3,Fast
4293,3,periods
4223,3,underlying
3253,3,majors
4295,3,campus
1347,3,bigotry
3193,3,prevents
2924,3,Money
3190,3,clinics
756,3,civilians
3254,3,adds
1683,3,caps
2901,3,specifics
1483,3,indicates
4306,3,accidents
4308,3,Communism
4215,3,sets
4213,3,weapon
2512,3,button
2530,3,danger
3188,3,starve
3186,3,flying
1497,3,appreciate
3181,3,chooses
742,3,clock
1496,3,meaningful
3198,3,Nuclear
2897,3,schooling
2498,3,everywhere
785,3,stated
4260,3,panel
3222,3,mile
3221,3,manager
3226,3,suicide
4262,3,certainty
3216,3,assume
3215,3,happening
4243,3,accessible
4270,3,doesnt
1684,3,Try
773,3,Liberals
772,3,corrected
4276,3,bus
1486,3,verify
4233,3,tests
2909,3,survive
4403,3,confuse
1312,3,waste
2921,3,gasoline
763,3,via
4226,3,graduate
2903,3,counts
3177,3,automatically
2529,3,Arabia
1690,3,confusing
1359,3,sustain
4359,3,feelings
827,3,occurs
3276,3,Australia
4381,3,widespread
2469,3,accountability
1360,3,biology
1713,3,sovereign
1358,3,salaries
4378,3,Muslims
828,3,highway
4389,3,Japanese
4365,3,naive
4369,3,shoot
4371,3,advocacy
4388,3,jumping
4375,3,guarantee
4187,3,finished
1715,3,accordingly
3165,3,Nobody
2935,3,minority
729,3,trillions
3158,3,Are
2940,3,All
1352,3,gaining
2539,3,subsidized
2487,3,department
1703,3,post
4400,3,Kids
1295,3,figured
2930,3,foods
4181,3,define
2454,3,abroad
824,3,missed
2887,3,ignoring
4383,3,badly
826,3,research
833,3,definition
4338,3,surrounding
4386,3,mess
3236,2,innovation
3227,2,depend
1164,2,produces
3005,2,Consider
5528,2,Everybody
3042,2,exports
69,2,concepts
1167,2,produced
3290,2,quoting
3519,2,server
2996,2,grade
2800,2,utility
2788,2,inaccurate
3531,2,Meh
5694,2,meaningless
1156,2,Apple
3258,2,Economics
2023,2,bias
2991,2,uses
3304,2,chemical
3267,2,bot
74,2,currency
3542,2,smear
1301,2,adjusted
5697,2,boot
5398,2,relation
1900,2,obligation
5693,2,demonstrate
3030,2,retire
161,2,Jones
1289,2,partisan
3032,2,implying
1304,2,conclude
1280,2,btw
3568,2,citation
5572,2,grounds
5708,2,Baltimore
1445,2,toll
5625,2,Far
1551,2,dumbass
2825,2,contest
1355,2,transport
2931,2,autonomy
2850,2,misunderstanding
3445,2,parent
1198,2,surely
2056,2,Would
58,2,populations
3184,2,communists
5497,2,North
3370,2,Black
3369,2,Yay
35,2,elaborate
3456,2,trolling
1987,2,losers
5602,2,privileged
1950,2,manufacturers
1531,2,whining
5494,2,echo
5630,2,usage
125,2,Human
123,2,strawman
5472,2,Scandinavia
49,2,unit
2840,2,ISDS
3403,2,arguing
118,2,foundation
132,2,similarly
3401,2,Name
1945,2,PhD
2948,2,operations
3428,2,secondary
5464,2,superior
3163,2,statistic
3097,2,dismiss
1986,2,bigoted
1171,2,degrees
2965,2,americans
3207,2,dies
1337,2,generous
3346,2,Simple
3345,2,outweigh
3071,2,restricting
5428,2,lottery
2974,2,temporary
2806,2,north
1409,2,oppression
3338,2,WTO
2975,2,mandated
5584,2,tangible
5419,2,suggests
5678,2,Detroit
3225,2,milk
3204,2,agreeing
3203,2,discriminate
5435,2,inclined
3468,2,arts
1955,2,deniers
1189,2,agriculture
2925,2,exceptions
5662,2,shipping
3083,2,targeting
3196,2,delete
1920,2,message
1466,2,insult
3082,2,loaded
5442,2,performed
2858,2,convenience
2862,2,ups
1251,2,atmosphere
1395,2,bearing
3077,2,McDonald
2676,2,capitalists
1136,2,clients
4126,2,gather
4141,2,upvote
5050,2,Cool
373,2,skewed
2211,2,Syria
4148,2,bear
1668,2,scenario
4153,2,untrue
5368,2,users
2217,2,bashing
5034,2,removal
383,2,educate
620,2,Freddie
842,2,jet
492,2,suggesting
4830,2,JFK
4546,2,suggest
2394,2,pace
2542,2,historically
1674,2,quotes
4540,2,procedure
2540,2,vehicle
816,2,courses
4202,2,partner
5007,2,taste
2533,2,addressed
5002,2,grasp
2527,2,paranoid
4811,2,sells
5059,2,sub
797,2,plane
862,2,analogy
2608,2,improving
4612,2,accomplishments
4799,2,copy
932,2,satire
1852,2,correlation
928,2,worthless
4032,2,native
4034,2,lame
2602,2,hostile
2598,2,activist
2589,2,Use
4064,2,mandate
2194,2,offended
4075,2,mate
4801,2,wide
2375,2,stamp
1648,2,property
2579,2,auto
883,2,factor
357,2,overturned
4086,2,barriers
4093,2,puppet
4095,2,Guns
875,2,Had
2203,2,firmly
873,2,wording
4588,2,escape
4998,2,amongst
402,2,prefer
4015,2,Nice
746,2,Ferguson
4319,2,poorest
4851,2,pants
4326,2,jack
2253,2,dominated
4327,2,vastly
736,2,adjust
4934,2,inability
4852,2,discussing
1441,2,phones
4929,2,relies
433,2,Out
724,2,riots
4917,2,buys
4860,2,violates
4863,2,voluntary
4393,2,interpretation
4487,2,wedding
2418,2,feds
4476,2,labels
4406,2,Liberal
4408,2,signing
698,2,citizenship
4895,2,peaceful
455,2,definitions
4439,2,sarcasm
4443,2,percentage
2428,2,guarantees
2251,2,publish
4315,2,poorly
1832,2,occur
4304,2,Thus
794,2,earnings
2399,2,costly
793,2,dismissed
2234,2,motivated
2517,2,click
1829,2,topic
781,2,Your
1691,2,comments
4976,2,moon
484,2,troll
4265,2,baseless
4266,2,functional
4526,2,confident
4844,2,expectation
4967,2,West
481,2,square
4522,2,comprehension
767,2,select
4849,2,regarding
2277,2,judgment
4290,2,replying
4297,2,claiming
4298,2,detail
2497,2,factually
4953,2,association
414,2,scope
757,2,compliance
935,2,citations
2603,2,determining
332,2,pricing
1796,2,muslim
1590,2,reserve
1089,2,ONLY
5307,2,governmental
5302,2,Nope
1084,2,magic
3700,2,gender
227,2,logic
5295,2,edge
5294,2,analysis
2340,2,Wealth
3701,2,repeating
2323,2,assertion
1075,2,citing
3715,2,print
1094,2,licenses
2718,2,username
1797,2,English
5281,2,peoples
3720,2,enforcing
5279,2,firearms
2715,2,liberals
2713,2,deaths
4761,2,debating
1057,2,walker
3741,2,assumption
5264,2,flight
2610,2,precisely
1601,2,Soviet
1092,2,imply
1585,2,bracket
4675,2,standards
3620,2,brackets
3590,2,alright
1131,2,charity
3594,2,liar
4723,2,corrupted
4719,2,German
185,2,lethal
1567,2,youre
2094,2,credits
3608,2,applicable
2336,2,pretending
4712,2,riot
561,2,dispute
1571,2,Correct
2755,2,sources
570,2,liable
3628,2,published
197,2,societies
4702,2,peer
1578,2,subjects
3639,2,distinct
5331,2,vaccine
5330,2,Russia
2105,2,intervention
4699,2,Funny
530,2,argument
2110,2,lol
3664,2,Cause
5317,2,skeptical
2128,2,valid
2708,2,Lol
3762,2,refute
508,2,clause
278,2,survival
3764,2,Arab
3900,2,Gulf
509,2,submit
974,2,sidebar
5174,2,rails
3925,2,graduation
1869,2,provision
5171,2,temperature
5164,2,linking
2631,2,Other
593,2,homosexuality
5156,2,progressives
3955,2,Denmark
2652,2,Public
2624,2,submitted
3957,2,explaining
2163,2,tracks
3960,2,implies
4624,2,GMO
1863,2,factual
2365,2,Certainly
3986,2,Long
5135,2,framework
949,2,empirical
944,2,towns
2368,2,YouTube
2181,2,contains
4775,2,unborn
4451,2,roles
272,2,disparity
3794,2,Saying
2318,2,physics
1771,2,Global
4666,2,Day
3810,2,premise
514,2,indicate
3801,2,expert
999,2,curious
3824,2,baltimore
264,2,academic
3862,2,aggregate
3793,2,theft
267,2,Thank
1037,2,Africa
990,2,imposed
4652,2,neighbors
2653,2,partners
1767,2,perceived
5228,2,art
464,1,constitutes
1957,1,Off
468,1,aliens
1468,1,haha
2273,1,probability
2290,1,wasnt
4839,1,explicitly
4790,1,Date
2292,1,substantial
4655,1,rob
576,1,clips
4654,1,Title
1795,1,Libya
33,1,affiliated
2308,1,experiences
3066,1,subject
4583,1,arbitrary
1402,1,variety
2550,1,Video
353,1,models
5111,1,reflect
3289,1,avoiding
1098,1,expressed
4143,1,resubmit
1912,1,variables
3503,1,personhood
3713,1,childish
2573,1,Politics
5530,1,please
1069,1,Notice
2446,1,civilization
2036,1,centuries
3363,1,Already
5325,1,Channel
2178,1,chunks
3964,1,implied
3396,1,clintons
3718,1,pathetic
2051,1,civilized
2647,1,NOTHING
2129,1,gambling
5196,1,hominem
1203,1,length
2672,1,contain
5221,1,Rehosted
1877,1,domain
2884,1,interpret
5025,1,disagreeing
411,1,predictions
3152,1,govt
5359,1,warning
4909,1,Content
3155,1,performing
2457,1,wouldnt
3610,1,biological
192,1,semantics
735,1,sand
2252,1,equate
5326,1,tends
2500,1,Non
768,1,Russian
3550,1,fallacy
1335,1,downvoted
3630,1,narrow
4972,1,International
1330,1,drawing
2524,1,following
2908,1,recommend
4230,1,forbes
1504,1,consent
394,1,studied
2831,1,insults
144,0,worldpolitics
5271,0,civility
5223,0,Unacceptable
5382,0,inthenews
2434,0,submission
1611,0,pasted
1673,0,photo
2274,0,misc
445,0,Fpolitics
2937,0,rulesandregs
4515,0,participating
4278,0,Submitted
1332,0,downvotes
4180,0,copied
4171,0,moderators
980,0,submissions
4580,0,Topic
4132,0,selection
1925,0,sheep
3971,0,compose
1520,0,Question
1916,0,comprised
4355,0,characterizing
5068,-2,womb
